expiry,min_timestamp,max_timestamp,rows
2022-01-13,2022-01-01 09:15:00+05:30,2022-01-01 09:19:00+05:30,15
2024-10-31,2024-10-01 09:15:00+05:30,2024-10-30 15:29:00+05:30,751512
2024-11-28,2024-10-24 09:15:00+05:30,2024-11-27 15:29:00+05:30,757568
2024-12-26,2024-11-21 09:15:00+05:30,2024-12-24 15:29:00+05:30,11501
2025-01-30,2024-12-26 09:15:00+05:30,2025-01-29 15:29:00+05:30,1014668
2025-02-27,2025-01-23 09:15:00+05:30,2025-02-25 15:29:00+05:30,871059
2025-03-27,2025-02-20 09:15:00+05:30,2025-03-26 15:29:00+05:30,732636
2025-04-30,2025-03-26 09:15:00+05:30,2025-04-29 15:29:00+05:30,550487
2025-05-29,2025-04-24 09:15:00+05:30,2025-05-28 15:29:00+05:30,951287
2025-06-26,2025-05-22 09:15:00+05:30,2025-06-25 15:29:00+05:30,940545
2025-07-31,2025-06-26 09:15:00+05:30,2025-07-30 15:29:00+05:30,813504
2025-08-28,2025-07-24 09:15:00+05:30,2025-08-26 15:29:00+05:30,689108
2025-09-30,2025-08-26 09:15:00+05:30,2025-09-29 15:29:00+05:30,712912
2025-10-28,2025-09-23 09:15:00+05:30,2025-10-27 15:29:00+05:30,724781
2025-11-25,2025-10-21 13:45:00+05:30,2025-11-24 15:29:00+05:30,750344
2025-12-30,2025-11-25 09:15:00+05:30,2025-12-29 15:29:00+05:30,685113
2026-01-27,2025-12-23 09:15:00+05:30,2026-01-23 15:29:00+05:30,714092
2026-02-24,2026-01-20 09:15:00+05:30,2026-02-23 15:29:00+05:30,900018
2026-03-30,2026-02-23 09:15:00+05:30,2026-03-27 15:29:00+05:30,1027122
2026-04-28,2026-03-24 09:15:00+05:30,2026-04-27 15:29:00+05:30,908003
2026-05-26,2026-04-21 09:15:00+05:30,2026-05-25 15:29:00+05:30,926210
2026-06-30,2026-05-26 09:15:00+05:30,2026-06-29 15:29:00+05:30,888122
2026-07-21,2026-06-17 09:37:00+05:30,2026-07-20 15:29:00+05:30,398864
