expiry,rows,duplicates_after_filter,negative_volume_rows,non_monotonic_contracts,forward_coverage,status
2021-05-27,307173.0,0.0,0.0,0.0,0.9999023351661768,
2021-06-24,326829.0,0.0,0.0,0.0,0.9987057452062088,
2021-07-29,189589.0,0.0,0.0,0.0,1.0,
2021-08-26,202367.0,0.0,0.0,0.0,0.9999604678628432,
2021-09-30,273133.0,0.0,0.0,0.0,0.997078346446603,
2021-10-28,271911.0,0.0,0.0,0.0,1.0,
2021-11-25,221196.0,0.0,0.0,0.0,1.0,
2021-12-30,280205.0,0.0,0.0,0.0,1.0,
2022-11-24,246934.0,0.0,0.0,0.0,1.0,
2022-12-29,294168.0,0.0,0.0,0.0,1.0,
2023-01-25,215884.0,0.0,0.0,0.0,0.9998934613032925,
2023-02-23,248231.0,0.0,0.0,0.0,1.0,
2023-03-29,236788.0,0.0,0.0,0.0,1.0,
2023-04-27,248031.0,0.0,0.0,0.0,0.9999274284262855,
2023-05-25,260250.0,0.0,0.0,0.0,1.0,
2023-06-28,227906.0,0.0,0.0,0.0,1.0,
2023-07-27,287848.0,0.0,0.0,0.0,1.0,
2023-08-31,257385.0,0.0,0.0,0.0,1.0,
2023-09-28,257702.0,0.0,0.0,0.0,1.0,
2023-10-26,221913.0,0.0,0.0,0.0,1.0,
2023-11-30,220094.0,0.0,0.0,0.0,1.0,
2023-12-28,335747.0,0.0,0.0,0.0,0.9748798946826033,
2024-01-25,361076.0,0.0,0.0,0.0,0.9933005793794104,
2024-02-29,318660.0,0.0,0.0,0.0,0.9909652921609239,
2024-03-28,273858.0,0.0,0.0,0.0,0.9888263260521877,
2024-04-25,289109.0,0.0,0.0,0.0,1.0,
2024-05-30,285798.0,0.0,0.0,0.0,1.0,
2024-06-27,332268.0,0.0,0.0,0.0,0.9876996882034984,
2024-07-25,348819.0,0.0,0.0,0.0,0.9859640673243143,
2024-08-29,355766.0,0.0,0.0,0.0,0.9698031852397362,
2024-09-26,365025.0,0.0,0.0,0.0,0.9903294294911308,
2024-10-31,369311.0,0.0,0.0,0.0,1.0,
2024-11-28,360066.0,0.0,0.0,0.0,0.9875828320363489,
2024-12-26,395954.0,0.0,0.0,0.0,0.9856043883885501,
2025-01-30,374457.0,0.0,0.0,0.0,1.0,
2025-02-27,310288.0,0.0,0.0,0.0,0.9730379518382921,
2025-03-27,384749.0,0.0,0.0,0.0,0.9912670338324466,
2025-04-30,330489.0,0.0,0.0,0.0,0.991340105116963,
2025-05-29,425829.0,0.0,0.0,0.0,0.9482444831141139,
2025-06-26,430836.0,0.0,0.0,0.0,0.9597526669080578,
2025-07-31,320926.0,0.0,0.0,0.0,1.0,
2025-08-28,266551.0,0.0,0.0,0.0,1.0,
2025-09-30,264674.0,0.0,0.0,0.0,0.9789023477938898,
2025-10-28,195769.0,0.0,0.0,0.0,1.0,
2025-11-25,258220.0,0.0,0.0,0.0,1.0,
2025-12-30,211276.0,0.0,0.0,0.0,0.9704367746454874,
2026-01-27,226141.0,0.0,0.0,0.0,1.0,
2026-02-24,277578.0,0.0,0.0,0.0,1.0,
2026-03-30,354838.0,0.0,0.0,0.0,0.9805094155642857,
2026-04-28,340327.0,0.0,0.0,0.0,0.9626006752329377,
2026-05-26,312021.0,0.0,0.0,0.0,0.9911961053903423,
2026-06-09,,,,,,EMPTY
2026-07-28,57415.0,0.0,0.0,0.0,0.9997735783331881,
2026-08-04,,,,,,EMPTY
