expiry,timestamp,action,option_type,strike,lots,price,gross_cashflow,cost,reason
2021-07-29,2021-07-19 09:21:00+05:30,SELL,CE,15950.0,1,54.800000000000004,2740.0,27.49198916,IC_short_call
2021-07-29,2021-07-19 09:21:00+05:30,SELL,PE,15650.0,1,69.60000000000001,3480.0000000000005,28.543110319999997,IC_short_put
2021-07-29,2021-07-19 09:21:00+05:30,BUY,CE,16200.0,1,11.600000000000001,-580.0000000000001,23.86125172,IC_long_call
2021-07-29,2021-07-19 09:21:00+05:30,BUY,PE,15300.0,1,19.35,-967.5000000000001,24.035794895000002,IC_long_put
2021-07-29,2021-07-27 13:08:00+05:30,BUY,CE,15950.0,1,8.25,-412.5,23.785804025,IC_to_ratio
2021-07-29,2021-07-27 13:08:00+05:30,BUY,PE,15650.0,1,41.8,-2090.0,24.541407059999997,IC_to_ratio
2021-07-29,2021-07-27 13:08:00+05:30,SELL,CE,16200.0,1,2.4000000000000004,120.00000000000001,23.770452080000002,IC_to_ratio
2021-07-29,2021-07-27 13:08:00+05:30,SELL,PE,15300.0,1,3.9000000000000004,195.00000000000003,23.876984630000003,IC_to_ratio
2021-07-29,2021-07-27 13:08:00+05:30,BUY,CE,15700.0,1,78.39999999999999,-3919.9999999999995,25.365701280000003,initial_long
2021-07-29,2021-07-27 13:08:00+05:30,SELL,CE,15750.0,2,53.050000000000004,5305.0,31.13540237,initial_short
2021-07-29,2021-07-27 13:08:00+05:30,BUY,CE,15950.0,1,8.25,-412.5,23.785804025,initial_hedge
2021-07-29,2021-07-28 10:31:00+05:30,SELL,CE,15700.0,1,28.2,1410.0,25.60281194,ratio_reset
2021-07-29,2021-07-28 10:31:00+05:30,BUY,CE,15750.0,2,18.150000000000002,-1815.0000000000002,24.417537709999998,ratio_reset
2021-07-29,2021-07-28 10:31:00+05:30,SELL,CE,15950.0,1,4.5,225.0,23.919597650000004,ratio_reset
2021-07-29,2021-07-28 10:31:00+05:30,BUY,CE,15650.0,1,44.699999999999996,-2235.0,24.60671999,continuation_long
2021-07-29,2021-07-28 10:31:00+05:30,SELL,CE,15700.0,2,28.2,2820.0,27.60562388,continuation_short
2021-07-29,2021-07-28 10:31:00+05:30,BUY,CE,15900.0,1,5.8999999999999995,-295.0,23.73287803,continuation_hedge
2021-07-29,2021-07-28 11:04:00+05:30,SELL,CE,15650.0,1,30.65,1532.5,25.776815104999997,ratio_reset
2021-07-29,2021-07-28 11:04:00+05:30,BUY,CE,15700.0,2,19.7,-1970.0,24.48735498,ratio_reset
2021-07-29,2021-07-28 11:04:00+05:30,SELL,CE,15900.0,1,6.15,307.5,24.036783455000005,ratio_reset
2021-07-29,2021-07-28 11:04:00+05:30,BUY,CE,15600.0,1,46.8,-2340.0,24.65401556,continuation_long
2021-07-29,2021-07-28 11:04:00+05:30,SELL,CE,15650.0,2,30.65,3065.0,27.95363021,continuation_short
2021-07-29,2021-07-28 11:04:00+05:30,BUY,CE,15850.0,1,7.55,-377.5,23.770038834999998,continuation_hedge
2021-07-29,2021-07-28 15:20:00+05:30,SELL,CE,15600.0,1,124.55,6227.5,32.445752735,scheduled_exit
2021-07-29,2021-07-28 15:20:00+05:30,BUY,CE,15650.0,2,85.05,-8505.0,27.430941169999997,scheduled_exit
2021-07-29,2021-07-28 15:20:00+05:30,SELL,CE,15850.0,1,7.65,382.5,24.143316005000003,scheduled_exit
2021-08-26,2021-08-16 09:21:00+05:30,SELL,CE,16700.0,1,56.0,2800.0,27.5772152,IC_short_call
2021-08-26,2021-08-16 09:21:00+05:30,SELL,PE,16350.0,1,76.15,3807.5000000000005,29.008302455000003,IC_short_put
2021-08-26,2021-08-16 09:21:00+05:30,BUY,CE,16950.0,1,15.0,-750.0,23.937825500000002,IC_long_call
2021-08-26,2021-08-16 09:21:00+05:30,BUY,PE,15900.0,1,21.55,-1077.5,24.085342635000003,IC_long_put
2021-08-26,2021-08-24 14:24:00+05:30,BUY,CE,16700.0,1,27.2,-1360.0,24.21259024,IC_to_ratio
2021-08-26,2021-08-24 14:24:00+05:30,BUY,PE,16350.0,1,10.200000000000001,-510.00000000000006,23.82972134,IC_to_ratio
2021-08-26,2021-08-24 14:24:00+05:30,SELL,CE,16950.0,1,1.75,87.5,23.724287974999996,IC_to_ratio
2021-08-26,2021-08-24 14:24:00+05:30,SELL,PE,15900.0,1,2.6,130.0,23.784656419999994,IC_to_ratio
2021-08-26,2021-08-24 14:24:00+05:30,BUY,PE,16650.0,1,68.3,-3415.0,25.13823211,initial_long
2021-08-26,2021-08-24 14:24:00+05:30,SELL,PE,16600.0,2,47.050000000000004,4705.0,30.28314197,initial_short
2021-08-26,2021-08-24 14:24:00+05:30,BUY,PE,16350.0,1,10.200000000000001,-510.00000000000006,23.82972134,initial_hedge
2021-08-26,2021-08-25 15:20:00+05:30,SELL,PE,16650.0,1,49.0,2450.0,27.0800633,scheduled_exit
2021-08-26,2021-08-25 15:20:00+05:30,BUY,PE,16600.0,2,27.400000000000002,-2740.0,24.834189159999998,scheduled_exit
2021-08-26,2021-08-25 15:20:00+05:30,SELL,PE,16350.0,1,2.75,137.5,23.795309675,scheduled_exit
2021-10-28,2021-10-18 09:21:00+05:30,SELL,CE,18700.0,1,87.25,4362.5,29.796643324999998,IC_short_call
2021-10-28,2021-10-18 09:21:00+05:30,SELL,PE,18200.0,1,96.45,4822.5,30.450042964999998,IC_short_put
2021-10-28,2021-10-18 09:21:00+05:30,BUY,CE,19050.0,1,20.75,-1037.5,24.067325274999998,IC_long_call
2021-10-28,2021-10-18 09:21:00+05:30,BUY,PE,17750.0,1,29.05,-1452.5,24.254255385,IC_long_put
2021-10-28,2021-10-21 12:27:00+05:30,BUY,CE,18700.0,1,19.75,-987.5,24.044803575,IC_to_ratio
2021-10-28,2021-10-21 12:27:00+05:30,BUY,PE,18200.0,1,191.05,-9552.5,27.902770785,IC_to_ratio
2021-10-28,2021-10-21 12:27:00+05:30,SELL,CE,19050.0,1,5.5,275.0,23.990619349999996,IC_to_ratio
2021-10-28,2021-10-21 12:27:00+05:30,SELL,PE,17750.0,1,54.150000000000006,2707.5000000000005,27.445825055,IC_to_ratio
2021-10-28,2021-10-21 12:26:00+05:30,BUY,CE,18150.0,1,175.55,-8777.5,27.553684435,initial_long
2021-10-28,2021-10-21 12:26:00+05:30,SELL,CE,18250.0,2,126.8,12680.0,41.61110312,initial_short
2021-10-28,2021-10-21 12:26:00+05:30,BUY,CE,18700.0,1,19.5,-975.0,24.039173150000003,initial_hedge
2021-10-28,2021-10-27 15:20:00+05:30,SELL,CE,18150.0,1,107.2,5360.0,31.21352624,scheduled_exit
2021-10-28,2021-10-27 15:20:00+05:30,BUY,CE,18250.0,2,50.05,-5005.0,25.85442217,scheduled_exit
2021-10-28,2021-10-27 15:20:00+05:30,SELL,CE,18700.0,1,2.4000000000000004,120.00000000000001,23.770452080000002,scheduled_exit
2021-11-25,2021-11-15 09:21:00+05:30,SELL,CE,18450.0,1,74.60000000000001,3730.0000000000005,28.89821882,IC_short_call
2021-11-25,2021-11-15 09:21:00+05:30,SELL,PE,18000.0,1,85.35000000000001,4267.5,29.661702095,IC_short_put
2021-11-25,2021-11-15 09:21:00+05:30,BUY,CE,18750.0,1,18.5,-925.0,24.01665145,IC_long_call
2021-11-25,2021-11-15 09:21:00+05:30,BUY,PE,17600.0,1,25.7,-1285.0,24.17880769,IC_long_put
2021-11-25,2021-11-17 12:06:00+05:30,BUY,CE,18450.0,1,17.650000000000002,-882.5000000000001,23.997508005,IC_to_ratio
2021-11-25,2021-11-17 12:06:00+05:30,BUY,PE,18000.0,1,172.35000000000002,-8617.500000000002,27.481614994999997,IC_to_ratio
2021-11-25,2021-11-17 12:06:00+05:30,SELL,CE,18750.0,1,4.6000000000000005,230.00000000000003,23.926699819999996,IC_to_ratio
2021-11-25,2021-11-17 12:06:00+05:30,SELL,PE,17600.0,1,43.400000000000006,2170.0000000000005,26.68234178,IC_to_ratio
2021-11-25,2021-11-17 12:06:00+05:30,BUY,CE,17950.0,1,157.55,-7877.500000000001,27.148293835,initial_long
2021-11-25,2021-11-17 12:06:00+05:30,SELL,CE,18050.0,2,109.9,10990.0,39.210569660000004,initial_short
2021-11-25,2021-11-17 12:06:00+05:30,BUY,CE,18450.0,1,17.650000000000002,-882.5000000000001,23.997508005,initial_hedge
2021-11-25,2021-11-18 10:45:00+05:30,SELL,CE,17950.0,1,60.95,3047.5,27.928772615,ratio_reset
2021-11-25,2021-11-18 10:45:00+05:30,BUY,CE,18050.0,2,39.15,-3915.0,25.36344911,ratio_reset
2021-11-25,2021-11-18 10:45:00+05:30,SELL,CE,18450.0,1,9.45,472.49999999999994,24.271155065,ratio_reset
2021-11-25,2021-11-18 10:45:00+05:30,BUY,CE,17850.0,1,92.14999999999999,-4607.5,25.675374655,continuation_long
2021-11-25,2021-11-18 10:45:00+05:30,SELL,CE,17950.0,2,60.95,6095.0,32.25754523,continuation_short
2021-11-25,2021-11-18 10:45:00+05:30,BUY,CE,18300.0,1,14.9,-745.0,23.93557333,continuation_hedge
2021-11-25,2021-11-22 09:22:00+05:30,SELL,CE,17850.0,1,55.35,2767.5,27.531051095,ratio_reset
2021-11-25,2021-11-22 09:22:00+05:30,BUY,CE,17950.0,2,32.3,-3229.9999999999995,25.054901819999998,ratio_reset
2021-11-25,2021-11-22 09:22:00+05:30,SELL,CE,18300.0,1,5.15,257.5,23.965761755000003,ratio_reset
2021-11-25,2021-11-22 09:22:00+05:30,BUY,CE,17750.0,1,89.7,-4485.0,25.620196489999998,continuation_long
2021-11-25,2021-11-22 09:22:00+05:30,SELL,CE,17850.0,2,55.35,5535.0,31.46210219,continuation_short
2021-11-25,2021-11-22 09:22:00+05:30,BUY,CE,18150.0,1,10.450000000000001,-522.5,23.835351765,continuation_hedge
2021-11-25,2021-11-22 11:05:00+05:30,SELL,CE,17750.0,1,55.150000000000006,2757.5000000000005,27.516846755000003,ratio_reset
2021-11-25,2021-11-22 11:05:00+05:30,BUY,CE,17850.0,2,32.699999999999996,-3269.9999999999995,25.07291918,ratio_reset
2021-11-25,2021-11-22 11:05:00+05:30,SELL,CE,18150.0,1,7.25,362.5,24.114907325000004,ratio_reset
2021-11-25,2021-11-22 11:05:00+05:30,BUY,CE,17650.0,1,90.05,-4502.5,25.628079085000003,continuation_long
2021-11-25,2021-11-22 11:05:00+05:30,SELL,CE,17750.0,2,55.150000000000006,5515.000000000001,31.43369351,continuation_short
2021-11-25,2021-11-22 11:05:00+05:30,BUY,CE,18050.0,1,11.5,-575.0,23.85899955,continuation_hedge
2021-11-25,2021-11-22 12:20:00+05:30,SELL,CE,17650.0,1,57.7,2885.0,27.69795209,ratio_reset
2021-11-25,2021-11-22 12:20:00+05:30,BUY,CE,17750.0,2,36.25,-3625.0,25.23282325,ratio_reset
2021-11-25,2021-11-22 12:20:00+05:30,SELL,CE,18050.0,1,9.899999999999999,494.99999999999994,24.303114830000005,ratio_reset
2021-11-25,2021-11-22 12:20:00+05:30,BUY,CE,17550.0,1,90.64999999999999,-4532.5,25.641592104999997,continuation_long
2021-11-25,2021-11-22 12:20:00+05:30,SELL,CE,17650.0,2,57.7,5770.0,31.795904179999997,continuation_short
2021-11-25,2021-11-22 12:20:00+05:30,BUY,CE,18000.0,1,12.25,-612.5,23.875890825,continuation_hedge
2021-11-25,2021-11-22 14:23:00+05:30,SELL,CE,17550.0,1,54.75,2737.5,27.488438074999998,ratio_reset
2021-11-25,2021-11-22 14:23:00+05:30,BUY,CE,17650.0,2,33.0,-3300.0,25.086432199999997,ratio_reset
2021-11-25,2021-11-22 14:23:00+05:30,SELL,CE,18000.0,1,9.25,462.5,24.256950725,ratio_reset
2021-11-25,2021-11-22 14:23:00+05:30,BUY,CE,17450.0,1,89.55,-4477.5,25.616818235,continuation_long
2021-11-25,2021-11-22 14:23:00+05:30,SELL,CE,17550.0,2,54.75,5475.0,31.37687615,continuation_short
2021-11-25,2021-11-22 14:23:00+05:30,BUY,CE,17900.0,1,12.450000000000001,-622.5,23.880395165,continuation_hedge
2021-11-25,2021-11-23 09:16:00+05:30,SELL,CE,17450.0,1,55.550000000000004,2777.5,27.545255435,ratio_reset
2021-11-25,2021-11-23 09:16:00+05:30,BUY,CE,17550.0,2,29.7,-2970.0,24.937788979999997,ratio_reset
2021-11-25,2021-11-23 09:16:00+05:30,SELL,CE,17900.0,1,6.1000000000000005,305.0,24.03323237,ratio_reset
2021-11-25,2021-11-23 09:16:00+05:30,BUY,CE,17400.0,1,74.2,-3710.0,25.27111014,continuation_long
2021-11-25,2021-11-23 09:16:00+05:30,SELL,CE,17450.0,2,55.550000000000004,5555.0,31.49051087,continuation_short
2021-11-25,2021-11-23 09:16:00+05:30,BUY,CE,17750.0,1,9.700000000000001,-485.00000000000006,23.818460490000003,continuation_hedge
2021-11-25,2021-11-24 15:20:00+05:30,SELL,CE,17400.0,1,60.85,3042.5,27.921670444999997,scheduled_exit
2021-11-25,2021-11-24 15:20:00+05:30,BUY,CE,17450.0,2,37.05,-3704.9999999999995,25.26885797,scheduled_exit
2021-11-25,2021-11-24 15:20:00+05:30,SELL,CE,17750.0,1,2.8000000000000003,140.0,23.798860759999997,scheduled_exit
2021-12-30,2021-12-20 09:21:00+05:30,SELL,CE,17050.0,1,89.8,4490.0,29.97774866,IC_short_call
2021-12-30,2021-12-20 09:21:00+05:30,SELL,PE,16450.0,1,104.75,5237.5,31.039523074999998,IC_short_put
2021-12-30,2021-12-20 09:21:00+05:30,BUY,CE,17450.0,1,23.05,-1152.5,24.119125185,IC_long_call
2021-12-30,2021-12-20 09:21:00+05:30,BUY,PE,15900.0,1,32.199999999999996,-1609.9999999999998,24.32519874,IC_long_put
2021-12-30,2021-12-23 09:17:00+05:30,BUY,CE,17050.0,1,146.5,-7325.0,26.899429050000002,IC_to_ratio
2021-12-30,2021-12-23 09:17:00+05:30,BUY,PE,16450.0,1,23.0,-1150.0,24.1179991,IC_to_ratio
2021-12-30,2021-12-23 09:17:00+05:30,SELL,CE,17450.0,1,23.55,1177.5,25.272561035,IC_to_ratio
2021-12-30,2021-12-23 09:17:00+05:30,SELL,PE,15900.0,1,7.15,357.5,24.107805155,IC_to_ratio
2021-12-30,2021-12-23 09:17:00+05:30,BUY,PE,17050.0,1,130.05,-6502.500000000001,26.528947085,initial_long
2021-12-30,2021-12-23 09:17:00+05:30,SELL,PE,17000.0,2,109.95,10995.0,39.21767183,initial_short
2021-12-30,2021-12-23 09:17:00+05:30,BUY,PE,16450.0,1,23.0,-1150.0,24.1179991,initial_hedge
2021-12-30,2021-12-28 11:16:00+05:30,SELL,PE,17050.0,1,37.6,1880.0,26.27041592,ratio_reset
2021-12-30,2021-12-28 11:16:00+05:30,BUY,PE,17000.0,2,29.5,-2950.0,24.928780299999996,ratio_reset
2021-12-30,2021-12-28 11:16:00+05:30,SELL,PE,16450.0,1,4.55,227.5,23.923148735,ratio_reset
2021-12-30,2021-12-28 11:16:00+05:30,BUY,PE,17150.0,1,64.25,-3212.5,25.047019225,continuation_long
2021-12-30,2021-12-28 11:16:00+05:30,SELL,PE,17100.0,2,49.150000000000006,4915.000000000001,30.581433110000003,continuation_short
2021-12-30,2021-12-28 11:16:00+05:30,BUY,PE,16800.0,1,12.350000000000001,-617.5000000000001,23.878142995,continuation_hedge
2021-12-30,2021-12-29 09:48:00+05:30,SELL,PE,17150.0,1,30.05,1502.5,25.734202085,ratio_reset
2021-12-30,2021-12-29 09:48:00+05:30,BUY,PE,17100.0,2,21.55,-2155.0,24.57068527,ratio_reset
2021-12-30,2021-12-29 09:48:00+05:30,SELL,PE,16800.0,1,5.1000000000000005,255.00000000000003,23.96221067,ratio_reset
2021-12-30,2021-12-29 09:48:00+05:30,BUY,PE,17250.0,1,58.849999999999994,-2942.4999999999995,24.925402045,continuation_long
2021-12-30,2021-12-29 09:48:00+05:30,SELL,PE,17200.0,2,42.25,4225.0,29.60133365,continuation_short
2021-12-30,2021-12-29 09:48:00+05:30,BUY,PE,16950.0,1,9.100000000000001,-455.00000000000006,23.80494747,continuation_hedge
2021-12-30,2021-12-29 15:20:00+05:30,SELL,PE,17250.0,1,76.45,3822.5,29.029608964999998,scheduled_exit
2021-12-30,2021-12-29 15:20:00+05:30,BUY,PE,17200.0,2,51.849999999999994,-5184.999999999999,25.93550029,scheduled_exit
2021-12-30,2021-12-29 15:20:00+05:30,SELL,PE,16950.0,1,7.25,362.5,24.114907325000004,scheduled_exit
2022-11-24,2022-11-14 09:21:00+05:30,SELL,CE,18650.0,1,65.85000000000001,3292.5000000000005,28.276778945,IC_short_call
2022-11-24,2022-11-14 09:21:00+05:30,SELL,PE,18200.0,1,81.25,4062.5,29.370513125,IC_short_put
2022-11-24,2022-11-14 09:21:00+05:30,BUY,CE,18900.0,1,16.85,-842.5000000000001,23.979490645000002,IC_long_call
2022-11-24,2022-11-14 09:21:00+05:30,BUY,PE,17800.0,1,25.55,-1277.5,24.175429435,IC_long_put
2022-11-24,2022-11-18 11:01:00+05:30,BUY,CE,18650.0,1,12.65,-632.5,23.884899505,IC_to_ratio
2022-11-24,2022-11-18 11:01:00+05:30,BUY,PE,18200.0,1,74.14999999999999,-3707.4999999999995,25.269984055000002,IC_to_ratio
2022-11-24,2022-11-18 11:01:00+05:30,SELL,CE,18900.0,1,3.3000000000000003,165.0,23.834371609999998,IC_to_ratio
2022-11-24,2022-11-18 11:01:00+05:30,SELL,PE,17800.0,1,9.799999999999999,489.99999999999994,24.296012659999995,IC_to_ratio
2022-11-24,2022-11-18 11:01:00+05:30,BUY,CE,18300.0,1,114.95,-5747.5,26.188869415,initial_long
2022-11-24,2022-11-18 11:01:00+05:30,SELL,CE,18350.0,2,90.15,9015.0,36.405212510000005,initial_short
2022-11-24,2022-11-18 11:01:00+05:30,BUY,CE,18650.0,1,12.65,-632.5,23.884899505,initial_hedge
2022-11-24,2022-11-22 09:22:00+05:30,SELL,CE,18300.0,1,30.2,1510.0,25.74485534,ratio_reset
2022-11-24,2022-11-22 09:22:00+05:30,BUY,CE,18350.0,2,20.05,-2005.0,24.503120170000003,ratio_reset
2022-11-24,2022-11-22 09:22:00+05:30,SELL,CE,18650.0,1,2.6,130.0,23.784656419999994,ratio_reset
2022-11-24,2022-11-22 09:22:00+05:30,BUY,CE,18250.0,1,45.3,-2265.0,24.620233010000003,continuation_long
2022-11-24,2022-11-22 09:22:00+05:30,SELL,CE,18300.0,2,30.2,3020.0,27.889710679999997,continuation_short
2022-11-24,2022-11-22 09:22:00+05:30,BUY,CE,18500.0,1,6.3,-315.0,23.74188671,continuation_hedge
2022-11-24,2022-11-23 15:20:00+05:30,SELL,CE,18250.0,1,54.900000000000006,2745.0000000000005,27.499091330000002,scheduled_exit
2022-11-24,2022-11-23 15:20:00+05:30,BUY,CE,18300.0,2,28.400000000000002,-2840.0,24.87923256,scheduled_exit
2022-11-24,2022-11-23 15:20:00+05:30,SELL,CE,18500.0,1,2.35,117.5,23.766900995,scheduled_exit
2022-12-29,2022-12-19 09:21:00+05:30,SELL,CE,18550.0,1,77.0,3850.0,29.0686709,IC_short_call
2022-12-29,2022-12-19 09:21:00+05:30,SELL,PE,18100.0,1,77.4,3870.0000000000005,29.09707958,IC_short_put
2022-12-29,2022-12-19 09:21:00+05:30,BUY,CE,18900.0,1,18.650000000000002,-932.5000000000001,24.020029705000006,IC_long_call
2022-12-29,2022-12-19 09:21:00+05:30,BUY,PE,17700.0,1,21.400000000000002,-1070.0,24.08196438,IC_long_put
2022-12-29,2022-12-23 09:16:00+05:30,BUY,CE,18550.0,1,12.600000000000001,-630.0000000000001,23.88377342,IC_to_ratio
2022-12-29,2022-12-23 09:16:00+05:30,BUY,PE,18100.0,1,143.0,-7150.0,26.8206031,IC_to_ratio
2022-12-29,2022-12-23 09:16:00+05:30,SELL,CE,18900.0,1,3.7,185.0,23.862780289999996,IC_to_ratio
2022-12-29,2022-12-23 09:16:00+05:30,SELL,PE,17700.0,1,37.300000000000004,1865.0000000000002,26.24910941,IC_to_ratio
2022-12-29,2022-12-23 09:16:00+05:30,BUY,CE,18100.0,1,137.75,-6887.5,26.702364175,initial_long
2022-12-29,2022-12-23 09:16:00+05:30,SELL,CE,18200.0,2,89.60000000000001,8960.0,36.32708864,initial_short
2022-12-29,2022-12-23 09:16:00+05:30,BUY,CE,18500.0,1,17.05,-852.5,23.983994985000002,initial_hedge
2022-12-29,2022-12-23 11:52:00+05:30,SELL,CE,18100.0,1,58.5,2925.0,27.75476945,ratio_reset
2022-12-29,2022-12-23 11:52:00+05:30,BUY,CE,18200.0,2,34.949999999999996,-3494.9999999999995,25.17426683,ratio_reset
2022-12-29,2022-12-23 11:52:00+05:30,SELL,CE,18500.0,1,7.8,390.0,24.153969259999997,ratio_reset
2022-12-29,2022-12-23 11:52:00+05:30,BUY,CE,18000.0,1,96.14999999999999,-4807.5,25.765461454999997,continuation_long
2022-12-29,2022-12-23 11:52:00+05:30,SELL,CE,18100.0,2,58.5,5850.0,31.9095389,continuation_short
2022-12-29,2022-12-23 11:52:00+05:30,BUY,CE,18400.0,1,12.4,-620.0,23.879269080000004,continuation_hedge
2022-12-29,2022-12-28 15:20:00+05:30,SELL,CE,18000.0,1,133.04999999999998,6652.499999999999,33.049437185,scheduled_exit
2022-12-29,2022-12-28 15:20:00+05:30,BUY,CE,18100.0,2,60.15,-6015.0,26.30936051,scheduled_exit
2022-12-29,2022-12-28 15:20:00+05:30,SELL,CE,18400.0,1,1.55,77.5,23.710083634999997,scheduled_exit
2023-01-25,2023-01-16 09:21:00+05:30,SELL,CE,18250.0,1,76.75,3837.5,29.050915475,IC_short_call
2023-01-25,2023-01-16 09:21:00+05:30,SELL,PE,17850.0,1,82.65,4132.5,29.469943505,IC_short_put
2023-01-25,2023-01-16 09:21:00+05:30,BUY,CE,18550.0,1,17.35,-867.5000000000001,23.990751494999998,IC_long_call
2023-01-25,2023-01-16 09:21:00+05:30,BUY,PE,17450.0,1,21.650000000000002,-1082.5,24.087594805000002,IC_long_put
2023-01-25,2023-01-23 09:31:00+05:30,BUY,CE,18250.0,1,31.8,-1590.0,24.31619006,IC_to_ratio
2023-01-25,2023-01-23 09:31:00+05:30,BUY,PE,17850.0,1,10.25,-512.5,23.830847424999998,IC_to_ratio
2023-01-25,2023-01-23 09:31:00+05:30,SELL,CE,18550.0,1,2.75,137.5,23.795309675,IC_to_ratio
2023-01-25,2023-01-23 09:31:00+05:30,SELL,PE,17450.0,1,1.9999999999999998,99.99999999999999,23.742043400000004,IC_to_ratio
2023-01-25,2023-01-23 09:31:00+05:30,BUY,PE,18150.0,1,88.14999999999999,-4407.5,25.585287854999997,initial_long
2023-01-25,2023-01-23 09:31:00+05:30,SELL,PE,18100.0,2,64.35000000000001,6435.000000000001,32.740492790000005,initial_short
2023-01-25,2023-01-23 09:31:00+05:30,BUY,PE,17850.0,1,10.25,-512.5,23.830847424999998,initial_hedge
2023-01-25,2023-01-24 15:20:00+05:30,SELL,PE,18150.0,1,62.800000000000004,3140.0,28.06016276,scheduled_exit
2023-01-25,2023-01-24 15:20:00+05:30,BUY,PE,18100.0,2,36.849999999999994,-3684.9999999999995,25.259849290000002,scheduled_exit
2023-01-25,2023-01-24 15:20:00+05:30,SELL,PE,17850.0,1,1.55,77.5,23.710083634999997,scheduled_exit
2023-02-23,2023-02-13 09:21:00+05:30,SELL,CE,18050.0,1,71.25,3562.5,28.660296125,IC_short_call
2023-02-23,2023-02-13 09:21:00+05:30,SELL,PE,17700.0,1,76.60000000000001,3830.0000000000005,29.040262220000002,IC_short_put
2023-02-23,2023-02-13 09:21:00+05:30,BUY,CE,18300.0,1,15.9,-795.0,23.95809503,IC_long_call
2023-02-23,2023-02-13 09:21:00+05:30,BUY,PE,17350.0,1,21.6,-1080.0,24.086468720000003,IC_long_put
2023-02-23,2023-02-16 10:48:00+05:30,BUY,CE,18050.0,1,154.45000000000002,-7722.500000000001,27.078476565,IC_to_ratio
2023-02-23,2023-02-16 10:48:00+05:30,BUY,PE,17700.0,1,16.1,-805.0000000000001,23.962599369999996,IC_to_ratio
2023-02-23,2023-02-16 10:48:00+05:30,SELL,CE,18300.0,1,37.1,1855.0,26.234905069999996,IC_to_ratio
2023-02-23,2023-02-16 10:48:00+05:30,SELL,PE,17350.0,1,6.3,315.0,24.04743671,IC_to_ratio
2023-02-23,2023-02-16 10:47:00+05:30,BUY,PE,18150.0,1,115.3,-5765.0,26.19675201,initial_long
2023-02-23,2023-02-16 10:47:00+05:30,SELL,PE,18050.0,2,73.8,7380.0,34.08280292,initial_short
2023-02-23,2023-02-16 10:47:00+05:30,BUY,PE,17700.0,1,16.25,-812.5,23.965977624999997,initial_hedge
2023-02-23,2023-02-22 15:20:00+05:30,SELL,PE,18150.0,1,589.95,29497.500000000004,65.49925191500002,scheduled_exit
2023-02-23,2023-02-22 15:20:00+05:30,BUY,PE,18050.0,2,493.8,-49380.0,45.84243092,scheduled_exit
2023-02-23,2023-02-22 15:20:00+05:30,SELL,PE,17700.0,1,154.1,7705.0,34.544443969999996,scheduled_exit
2023-03-29,2023-03-20 09:21:00+05:30,SELL,CE,17250.0,1,78.7,3935.0,29.189407789999997,IC_short_call
2023-03-29,2023-03-20 09:21:00+05:30,SELL,PE,16750.0,1,92.5,4625.0,30.16950725,IC_short_put
2023-03-29,2023-03-20 09:21:00+05:30,BUY,CE,17550.0,1,20.6,-1030.0,24.06394702,IC_long_call
2023-03-29,2023-03-20 09:21:00+05:30,BUY,PE,16300.0,1,27.2,-1360.0,24.21259024,IC_long_put
2023-03-29,2023-03-23 12:34:00+05:30,BUY,CE,17250.0,1,95.75,-4787.5,25.756452775,IC_to_ratio
2023-03-29,2023-03-23 12:34:00+05:30,BUY,PE,16750.0,1,17.45,-872.5,23.993003665,IC_to_ratio
2023-03-29,2023-03-23 12:34:00+05:30,SELL,CE,17550.0,1,14.25,712.5,24.612059224999996,IC_to_ratio
2023-03-29,2023-03-23 12:34:00+05:30,SELL,PE,16300.0,1,4.05,202.5,23.887637885,IC_to_ratio
2023-03-29,2023-03-23 12:34:00+05:30,BUY,PE,17200.0,1,115.6,-5780.0,26.20350852,initial_long
2023-03-29,2023-03-23 12:34:00+05:30,SELL,PE,17150.0,2,95.4,9540.0,37.15094036000001,initial_short
2023-03-29,2023-03-23 12:34:00+05:30,BUY,PE,16750.0,1,17.45,-872.5,23.993003665,initial_hedge
2023-03-29,2023-03-28 15:20:00+05:30,SELL,PE,17200.0,1,237.39999999999998,11869.999999999998,40.46055158,scheduled_exit
2023-03-29,2023-03-28 15:20:00+05:30,BUY,PE,17150.0,2,190.8,-19080.0,32.19428072,scheduled_exit
2023-03-29,2023-03-28 15:20:00+05:30,SELL,PE,16750.0,1,5.75,287.5,24.008374775,scheduled_exit
2023-04-27,2023-04-17 09:21:00+05:30,SELL,CE,17900.0,1,60.7,3035.0,27.911017190000003,IC_short_call
2023-04-27,2023-04-17 09:21:00+05:30,SELL,PE,17550.0,1,75.0,3750.0,28.9266275,IC_short_put
2023-04-27,2023-04-17 09:21:00+05:30,BUY,CE,18150.0,1,15.200000000000001,-760.0,23.94232984,IC_long_call
2023-04-27,2023-04-17 09:21:00+05:30,BUY,PE,17150.0,1,20.900000000000002,-1045.0,24.07070353,IC_long_put
2023-04-27,2023-04-21 10:00:00+05:30,BUY,CE,17900.0,1,9.700000000000001,-485.00000000000006,23.818460490000003,IC_to_ratio
2023-04-27,2023-04-21 10:00:00+05:30,BUY,PE,17550.0,1,54.8,-2740.0,24.834189159999998,IC_to_ratio
2023-04-27,2023-04-21 10:00:00+05:30,SELL,CE,18150.0,1,2.2,110.00000000000001,23.75624774,IC_to_ratio
2023-04-27,2023-04-21 10:00:00+05:30,SELL,PE,17150.0,1,5.4,270.0,23.98351718,IC_to_ratio
2023-04-27,2023-04-21 10:00:00+05:30,BUY,CE,17650.0,1,78.25,-3912.5,25.362323025,initial_long
2023-04-27,2023-04-21 10:00:00+05:30,SELL,CE,17700.0,2,55.1,5510.0,31.42659134,initial_short
2023-04-27,2023-04-21 10:00:00+05:30,BUY,CE,17900.0,1,9.700000000000001,-485.00000000000006,23.818460490000003,initial_hedge
2023-04-27,2023-04-26 15:20:00+05:30,SELL,CE,17650.0,1,169.35,8467.5,35.627524895,scheduled_exit
2023-04-27,2023-04-26 15:20:00+05:30,BUY,CE,17700.0,2,123.1,-12310.0,29.14484254,scheduled_exit
2023-04-27,2023-04-26 15:20:00+05:30,SELL,CE,17900.0,1,7.8,390.0,24.153969259999997,scheduled_exit
2023-05-25,2023-05-15 09:21:00+05:30,SELL,CE,18500.0,1,63.800000000000004,3190.0,28.13118446,IC_short_call
2023-05-25,2023-05-15 09:21:00+05:30,SELL,PE,18150.0,1,65.55,3277.5,28.255472434999998,IC_short_put
2023-05-25,2023-05-15 09:21:00+05:30,BUY,CE,18750.0,1,12.55,-627.5,23.882647334999998,IC_long_call
2023-05-25,2023-05-15 09:21:00+05:30,BUY,PE,17800.0,1,20.35,-1017.5000000000001,24.058316595,IC_long_put
2023-05-25,2023-05-18 14:45:00+05:30,BUY,CE,18500.0,1,11.450000000000001,-572.5,23.857873465,IC_to_ratio
2023-05-25,2023-05-18 14:45:00+05:30,BUY,PE,18150.0,1,84.2,-4210.0,25.496327139999998,IC_to_ratio
2023-05-25,2023-05-18 14:45:00+05:30,SELL,CE,18750.0,1,3.0500000000000003,152.5,23.816616185,IC_to_ratio
2023-05-25,2023-05-18 14:45:00+05:30,SELL,PE,17800.0,1,12.399999999999999,619.9999999999999,24.480669080000006,IC_to_ratio
2023-05-25,2023-05-18 14:45:00+05:30,BUY,CE,18200.0,1,91.25,-4562.5,25.655105125,initial_long
2023-05-25,2023-05-18 14:45:00+05:30,SELL,CE,18250.0,2,68.55,6855.0,33.337075070000004,initial_short
2023-05-25,2023-05-18 14:45:00+05:30,BUY,CE,18500.0,1,11.450000000000001,-572.5,23.857873465,initial_hedge
2023-05-25,2023-05-24 15:20:00+05:30,SELL,CE,18200.0,1,108.5,5425.0,31.305854449999998,scheduled_exit
2023-05-25,2023-05-24 15:20:00+05:30,BUY,CE,18250.0,2,69.45,-6945.0,26.72826413,scheduled_exit
2023-05-25,2023-05-24 15:20:00+05:30,SELL,CE,18500.0,1,2.0500000000000003,102.50000000000001,23.745594485,scheduled_exit
2023-06-28,2023-06-19 09:21:00+05:30,SELL,CE,19050.0,1,58.150000000000006,2907.5000000000005,27.729911854999997,IC_short_call
2023-06-28,2023-06-19 09:21:00+05:30,SELL,PE,18750.0,1,63.25,3162.5,28.092122525,IC_short_put
2023-06-28,2023-06-19 09:21:00+05:30,BUY,CE,19250.0,1,14.600000000000001,-730.0000000000001,23.928816819999998,IC_long_call
2023-06-28,2023-06-19 09:21:00+05:30,BUY,PE,18400.0,1,17.7,-885.0,23.99863409,IC_long_put
2023-06-28,2023-06-23 09:16:00+05:30,BUY,CE,19050.0,1,8.950000000000001,-447.50000000000006,23.801569215,IC_to_ratio
2023-06-28,2023-06-23 09:16:00+05:30,BUY,PE,18750.0,1,88.7,-4435.0,25.59767479,IC_to_ratio
2023-06-28,2023-06-23 09:16:00+05:30,SELL,CE,19250.0,1,2.95,147.5,23.809514015,IC_to_ratio
2023-06-28,2023-06-23 09:16:00+05:30,SELL,PE,18400.0,1,13.0,650.0,24.523282099999996,IC_to_ratio
2023-06-28,2023-06-23 09:16:00+05:30,BUY,CE,18750.0,1,89.7,-4485.0,25.620196489999998,initial_long
2023-06-28,2023-06-23 09:16:00+05:30,SELL,CE,18800.0,2,65.15,6515.000000000001,32.85412751,initial_short
2023-06-28,2023-06-23 09:16:00+05:30,BUY,CE,19050.0,1,8.950000000000001,-447.50000000000006,23.801569215,initial_hedge
2023-06-28,2023-06-27 15:20:00+05:30,SELL,CE,18750.0,1,74.95,3747.5,28.923076414999997,scheduled_exit
2023-06-28,2023-06-27 15:20:00+05:30,BUY,CE,18800.0,2,41.75,-4175.0,25.480561950000002,scheduled_exit
2023-06-28,2023-06-27 15:20:00+05:30,SELL,CE,19050.0,1,0.85,42.5,23.660368445,scheduled_exit
2023-07-27,2023-07-17 09:21:00+05:30,SELL,CE,19800.0,1,54.550000000000004,2727.5,27.474233735,IC_short_call
2023-07-27,2023-07-17 09:21:00+05:30,SELL,PE,19450.0,1,65.9,3295.0000000000005,28.280330030000005,IC_short_put
2023-07-27,2023-07-17 09:21:00+05:30,BUY,CE,20000.0,1,16.25,-812.5,23.965977624999997,IC_long_call
2023-07-27,2023-07-17 09:21:00+05:30,BUY,PE,19100.0,1,20.05,-1002.5,24.051560085,IC_long_put
2023-07-27,2023-07-20 13:33:00+05:30,BUY,CE,19800.0,1,189.55,-9477.5,27.868988235,IC_to_ratio
2023-07-27,2023-07-20 13:33:00+05:30,BUY,PE,19450.0,1,17.75,-887.5,23.999760175,IC_to_ratio
2023-07-27,2023-07-20 13:33:00+05:30,SELL,CE,20000.0,1,80.85000000000001,4042.5000000000005,29.342104445,IC_to_ratio
2023-07-27,2023-07-20 13:33:00+05:30,SELL,PE,19100.0,1,8.799999999999999,439.99999999999994,24.22499096,IC_to_ratio
2023-07-27,2023-07-20 13:33:00+05:30,BUY,PE,19900.0,1,112.0,-5600.0,26.1224304,initial_long
2023-07-27,2023-07-20 13:33:00+05:30,SELL,PE,19850.0,2,90.35000000000001,9035.0,36.433621190000004,initial_short
2023-07-27,2023-07-20 13:33:00+05:30,BUY,PE,19450.0,1,17.75,-887.5,23.999760175,initial_hedge
2023-07-27,2023-07-26 15:20:00+05:30,SELL,PE,19900.0,1,138.0,6900.0,33.400994600000004,scheduled_exit
2023-07-27,2023-07-26 15:20:00+05:30,BUY,PE,19850.0,2,99.25,-9925.0,28.070557450000003,scheduled_exit
2023-07-27,2023-07-26 15:20:00+05:30,SELL,PE,19450.0,1,1.9,95.0,23.73494123,scheduled_exit
2023-08-31,2023-08-21 09:21:00+05:30,SELL,CE,19500.0,1,63.25,3162.5,28.092122525,IC_short_call
2023-08-31,2023-08-21 09:21:00+05:30,SELL,PE,19200.0,1,69.05,3452.5,28.504048385000004,IC_short_put
2023-08-31,2023-08-21 09:21:00+05:30,BUY,CE,19750.0,1,14.350000000000001,-717.5000000000001,23.923186395000002,IC_long_call
2023-08-31,2023-08-21 09:21:00+05:30,BUY,PE,18850.0,1,17.400000000000002,-870.0000000000001,23.99187758,IC_long_put
2023-08-31,2023-08-24 09:43:00+05:30,BUY,CE,19500.0,1,131.55,-6577.500000000001,26.562729634999997,IC_to_ratio
2023-08-31,2023-08-24 09:43:00+05:30,BUY,PE,19200.0,1,13.75,-687.5,23.909673375,IC_to_ratio
2023-08-31,2023-08-24 09:43:00+05:30,SELL,CE,19750.0,1,28.15,1407.5,25.599260854999997,IC_to_ratio
2023-08-31,2023-08-24 09:43:00+05:30,SELL,PE,18850.0,1,5.1000000000000005,255.00000000000003,23.96221067,IC_to_ratio
2023-08-31,2023-08-24 09:43:00+05:30,BUY,PE,19550.0,1,89.0,-4450.0,25.6044313,initial_long
2023-08-31,2023-08-24 09:43:00+05:30,SELL,PE,19500.0,2,67.95,6795.0,33.25184903,initial_short
2023-08-31,2023-08-24 09:43:00+05:30,BUY,PE,19200.0,1,13.75,-687.5,23.909673375,initial_hedge
2023-08-31,2023-08-30 15:20:00+05:30,SELL,PE,19550.0,1,207.39999999999998,10369.999999999998,38.32990058,scheduled_exit
2023-08-31,2023-08-30 15:20:00+05:30,BUY,PE,19500.0,2,158.85000000000002,-15885.000000000002,30.75514409,scheduled_exit
2023-08-31,2023-08-30 15:20:00+05:30,SELL,PE,19200.0,1,4.65,232.50000000000003,23.930250905,scheduled_exit
2023-09-28,2023-09-18 09:21:00+05:30,SELL,CE,20350.0,1,64.35000000000001,3217.5000000000005,28.170246395000003,IC_short_call
2023-09-28,2023-09-18 09:21:00+05:30,SELL,PE,20000.0,1,64.3,3215.0,28.16669531,IC_short_put
2023-09-28,2023-09-18 09:21:00+05:30,BUY,CE,20600.0,1,16.5,-825.0,23.97160805,IC_long_call
2023-09-28,2023-09-18 09:21:00+05:30,BUY,PE,19650.0,1,21.95,-1097.5,24.094351314999997,IC_long_put
2023-09-28,2023-09-20 13:54:00+05:30,BUY,CE,20350.0,1,14.15,-707.5,23.918682055,IC_to_ratio
2023-09-28,2023-09-20 13:54:00+05:30,BUY,PE,20000.0,1,146.85000000000002,-7342.500000000001,26.907311645000004,IC_to_ratio
2023-09-28,2023-09-20 13:54:00+05:30,SELL,CE,20600.0,1,6.7,335.0,24.075845389999998,IC_to_ratio
2023-09-28,2023-09-20 13:54:00+05:30,SELL,PE,19650.0,1,37.25,1862.5,26.245558325,IC_to_ratio
2023-09-28,2023-09-20 13:54:00+05:30,BUY,CE,19950.0,1,122.39999999999999,-6120.0,26.356656079999997,initial_long
2023-09-28,2023-09-20 13:54:00+05:30,SELL,CE,20050.0,2,74.95,7495.0,34.24615283,initial_short
2023-09-28,2023-09-20 13:54:00+05:30,BUY,CE,20350.0,1,14.15,-707.5,23.918682055,initial_hedge
2023-09-28,2023-09-21 09:53:00+05:30,SELL,CE,19950.0,1,55.75,2787.5,27.559459775,ratio_reset
2023-09-28,2023-09-21 09:53:00+05:30,BUY,CE,20050.0,2,30.7,-3070.0,24.982832379999998,ratio_reset
2023-09-28,2023-09-21 09:53:00+05:30,SELL,CE,20350.0,1,6.2,310.0,24.040334539999996,ratio_reset
2023-09-28,2023-09-21 09:53:00+05:30,BUY,CE,19900.0,1,72.55,-3627.5,25.233949335000002,continuation_long
2023-09-28,2023-09-21 09:53:00+05:30,SELL,CE,19950.0,2,55.75,5575.0,31.51891955,continuation_short
2023-09-28,2023-09-21 09:53:00+05:30,BUY,CE,20250.0,1,9.8,-490.00000000000006,23.820712659999998,continuation_hedge
2023-09-28,2023-09-22 09:53:00+05:30,SELL,CE,19900.0,1,37.150000000000006,1857.5000000000002,26.238456155000005,ratio_reset
2023-09-28,2023-09-22 09:53:00+05:30,BUY,CE,19950.0,2,26.05,-2605.0,24.773380569999997,ratio_reset
2023-09-28,2023-09-22 09:53:00+05:30,SELL,CE,20250.0,1,4.9,245.00000000000003,23.948006330000002,ratio_reset
2023-09-28,2023-09-22 09:53:00+05:30,BUY,CE,19800.0,1,72.0,-3600.0,25.2215624,continuation_long
2023-09-28,2023-09-22 09:53:00+05:30,SELL,CE,19850.0,2,52.400000000000006,5240.000000000001,31.043074160000003,continuation_short
2023-09-28,2023-09-22 09:53:00+05:30,BUY,CE,20100.0,1,9.55,-477.50000000000006,23.815082235,continuation_hedge
2023-09-28,2023-09-25 10:05:00+05:30,SELL,CE,19800.0,1,33.800000000000004,1690.0000000000002,26.00053346,ratio_reset
2023-09-28,2023-09-25 10:05:00+05:30,BUY,CE,19850.0,2,22.900000000000002,-2290.0,24.63149386,ratio_reset
2023-09-28,2023-09-25 10:05:00+05:30,SELL,CE,20100.0,1,4.0,200.0,23.8840868,ratio_reset
2023-09-28,2023-09-25 10:05:00+05:30,BUY,CE,19750.0,1,49.65,-2482.5,24.718202405,continuation_long
2023-09-28,2023-09-25 10:05:00+05:30,SELL,CE,19800.0,2,33.800000000000004,3380.0000000000005,28.401066919999998,continuation_short
2023-09-28,2023-09-25 10:05:00+05:30,BUY,CE,20000.0,1,7.3,-365.0,23.764408409999998,continuation_hedge
2023-09-28,2023-09-25 14:16:00+05:30,SELL,CE,19750.0,1,32.35,1617.5,25.897551994999997,ratio_reset
2023-09-28,2023-09-25 14:16:00+05:30,BUY,CE,19800.0,2,21.650000000000002,-2165.0,24.575189610000002,ratio_reset
2023-09-28,2023-09-25 14:16:00+05:30,SELL,CE,20000.0,1,5.15,257.5,23.965761755000003,ratio_reset
2023-09-28,2023-09-25 14:16:00+05:30,BUY,CE,19700.0,1,47.949999999999996,-2397.5,24.679915514999998,continuation_long
2023-09-28,2023-09-25 14:16:00+05:30,SELL,CE,19750.0,2,32.35,3235.0,28.19510399,continuation_short
2023-09-28,2023-09-25 14:16:00+05:30,BUY,CE,19950.0,1,6.85,-342.5,23.754273644999998,continuation_hedge
2023-09-28,2023-09-27 09:16:00+05:30,SELL,CE,19700.0,1,26.3,1315.0,25.467870710000003,ratio_reset
2023-09-28,2023-09-27 09:16:00+05:30,BUY,CE,19750.0,2,15.55,-1555.0,24.300424869999997,ratio_reset
2023-09-28,2023-09-27 09:16:00+05:30,SELL,CE,19950.0,1,2.6500000000000004,132.50000000000003,23.788207505000003,ratio_reset
2023-09-28,2023-09-27 09:16:00+05:30,BUY,CE,19650.0,1,43.349999999999994,-2167.4999999999995,24.576315694999995,continuation_long
2023-09-28,2023-09-27 09:16:00+05:30,SELL,CE,19700.0,2,26.3,2630.0,27.33574142,continuation_short
2023-09-28,2023-09-27 09:16:00+05:30,BUY,CE,19850.0,1,5.35,-267.5,23.720491095,continuation_hedge
2023-09-28,2023-09-27 10:02:00+05:30,SELL,CE,19650.0,1,27.9,1395.0,25.581505429999996,ratio_reset
2023-09-28,2023-09-27 10:02:00+05:30,BUY,CE,19700.0,2,16.35,-1635.0000000000002,24.33645959,ratio_reset
2023-09-28,2023-09-27 10:02:00+05:30,SELL,CE,19850.0,1,4.0,200.0,23.8840868,ratio_reset
2023-09-28,2023-09-27 10:02:00+05:30,BUY,CE,19600.0,1,45.699999999999996,-2285.0,24.62924169,continuation_long
2023-09-28,2023-09-27 10:02:00+05:30,SELL,CE,19650.0,2,27.9,2790.0,27.56301086,continuation_short
2023-09-28,2023-09-27 10:02:00+05:30,BUY,CE,19800.0,1,6.1499999999999995,-307.5,23.738508455000005,continuation_hedge
2023-09-28,2023-09-27 15:20:00+05:30,SELL,CE,19600.0,1,124.95,6247.5,32.474161415,scheduled_exit
2023-09-28,2023-09-27 15:20:00+05:30,BUY,CE,19650.0,2,84.0,-8400.0,27.3836456,scheduled_exit
2023-09-28,2023-09-27 15:20:00+05:30,SELL,CE,19800.0,1,13.2,660.0,24.53748644,scheduled_exit
2023-10-26,2023-10-16 09:21:00+05:30,SELL,CE,19850.0,1,68.95,3447.5,28.496946215,IC_short_call
2023-10-26,2023-10-16 09:21:00+05:30,SELL,PE,19500.0,1,69.65,3482.5000000000005,28.546661405000005,IC_short_put
2023-10-26,2023-10-16 09:21:00+05:30,BUY,CE,20150.0,1,13.65,-682.5,23.907421205000002,IC_long_call
2023-10-26,2023-10-16 09:21:00+05:30,BUY,PE,19150.0,1,20.45,-1022.5,24.060568765,IC_long_put
2023-10-26,2023-10-20 11:45:00+05:30,BUY,CE,19850.0,1,10.950000000000001,-547.5,23.846612615,IC_to_ratio
2023-10-26,2023-10-20 11:45:00+05:30,BUY,PE,19500.0,1,83.0,-4150.0,25.469301100000003,IC_to_ratio
2023-10-26,2023-10-20 11:45:00+05:30,SELL,CE,20150.0,1,2.1,105.0,23.749145570000003,IC_to_ratio
2023-10-26,2023-10-20 11:45:00+05:30,SELL,PE,19150.0,1,10.649999999999999,532.4999999999999,24.356381104999997,IC_to_ratio
2023-10-26,2023-10-20 11:45:00+05:30,BUY,CE,19550.0,1,84.5,-4225.0,25.503083650000004,initial_long
2023-10-26,2023-10-20 11:45:00+05:30,SELL,CE,19600.0,2,63.6,6360.0,32.63396024,initial_short
2023-10-26,2023-10-20 11:45:00+05:30,BUY,CE,19850.0,1,10.950000000000001,-547.5,23.846612615,initial_hedge
2023-10-26,2023-10-23 13:03:00+05:30,SELL,CE,19550.0,1,32.150000000000006,1607.5000000000002,25.883347654999998,ratio_reset
2023-10-26,2023-10-23 13:03:00+05:30,BUY,CE,19600.0,2,22.5,-2250.0,24.613476499999997,ratio_reset
2023-10-26,2023-10-23 13:03:00+05:30,SELL,CE,19850.0,1,3.95,197.5,23.880535715,ratio_reset
2023-10-26,2023-10-23 13:03:00+05:30,BUY,CE,19450.0,1,64.6,-3229.9999999999995,25.054901819999998,continuation_long
2023-10-26,2023-10-23 13:03:00+05:30,SELL,CE,19550.0,2,32.150000000000006,3215.0000000000005,28.16669531,continuation_short
2023-10-26,2023-10-23 13:03:00+05:30,BUY,CE,19750.0,1,7.05,-352.5,23.758777985000002,continuation_hedge
2023-10-26,2023-10-23 14:44:00+05:30,SELL,CE,19450.0,1,47.150000000000006,2357.5000000000005,26.948673155,ratio_reset
2023-10-26,2023-10-23 14:44:00+05:30,BUY,CE,19550.0,2,22.95,-2295.0,24.633746029999998,ratio_reset
2023-10-26,2023-10-23 14:44:00+05:30,SELL,CE,19750.0,1,5.2,260.0,23.96931284,ratio_reset
2023-10-26,2023-10-23 14:44:00+05:30,BUY,CE,19450.0,1,47.25,-2362.5,24.664150325,continuation_long
2023-10-26,2023-10-23 14:44:00+05:30,SELL,CE,19500.0,2,32.85,3285.0,28.266125690000003,continuation_short
2023-10-26,2023-10-23 14:44:00+05:30,BUY,CE,19700.0,1,7.35,-367.5,23.765534494999997,continuation_hedge
2023-10-26,2023-10-23 15:02:00+05:30,SELL,CE,19450.0,1,31.3,1565.0,25.82297921,ratio_reset
2023-10-26,2023-10-23 15:02:00+05:30,BUY,CE,19500.0,2,22.95,-2295.0,24.633746029999998,ratio_reset
2023-10-26,2023-10-23 15:02:00+05:30,SELL,CE,19700.0,1,6.2,310.0,24.040334539999996,ratio_reset
2023-10-26,2023-10-23 15:02:00+05:30,BUY,CE,19350.0,1,61.349999999999994,-3067.4999999999995,24.981706295000002,continuation_long
2023-10-26,2023-10-23 15:02:00+05:30,SELL,CE,19400.0,2,44.050000000000004,4405.0,29.85701177,continuation_short
2023-10-26,2023-10-23 15:02:00+05:30,BUY,CE,19650.0,1,8.3,-415.00000000000006,23.78693011,continuation_hedge
2023-10-26,2023-10-25 11:25:00+05:30,SELL,CE,19350.0,1,29.75,1487.5,25.712895575,ratio_reset
2023-10-26,2023-10-25 11:25:00+05:30,BUY,CE,19400.0,2,18.3,-1830.0,24.424294220000004,ratio_reset
2023-10-26,2023-10-25 11:25:00+05:30,SELL,CE,19650.0,1,2.6500000000000004,132.50000000000003,23.788207505000003,ratio_reset
2023-10-26,2023-10-25 11:25:00+05:30,BUY,CE,19300.0,1,46.949999999999996,-2347.5,24.657393815,continuation_long
2023-10-26,2023-10-25 11:25:00+05:30,SELL,CE,19350.0,2,29.75,2975.0,27.82579115,continuation_short
2023-10-26,2023-10-25 11:25:00+05:30,BUY,CE,19500.0,1,6.85,-342.5,23.754273644999998,continuation_hedge
2023-10-26,2023-10-25 12:30:00+05:30,SELL,CE,19300.0,1,28.0,1400.0,25.5886076,ratio_reset
2023-10-26,2023-10-25 12:30:00+05:30,BUY,CE,19350.0,2,17.25,-1725.0,24.37699865,ratio_reset
2023-10-26,2023-10-25 12:30:00+05:30,SELL,CE,19500.0,1,4.3,215.0,23.90539331,ratio_reset
2023-10-26,2023-10-25 12:30:00+05:30,BUY,CE,19250.0,1,44.9,-2245.0,24.61122433,continuation_long
2023-10-26,2023-10-25 12:30:00+05:30,SELL,CE,19300.0,2,28.0,2800.0,27.5772152,continuation_short
2023-10-26,2023-10-25 12:30:00+05:30,BUY,CE,19450.0,1,6.35,-317.5,23.743012795000002,continuation_hedge
2023-10-26,2023-10-25 12:45:00+05:30,SELL,CE,19250.0,1,29.3,1465.0,25.68093581,ratio_reset
2023-10-26,2023-10-25 12:45:00+05:30,BUY,CE,19300.0,2,18.6,-1860.0000000000002,24.437807240000005,ratio_reset
2023-10-26,2023-10-25 12:45:00+05:30,SELL,CE,19450.0,1,5.3,265.0,23.976415009999997,ratio_reset
2023-10-26,2023-10-25 12:45:00+05:30,BUY,CE,19200.0,1,45.55,-2277.5,24.625863435000003,continuation_long
2023-10-26,2023-10-25 12:45:00+05:30,SELL,CE,19250.0,2,29.3,2930.0,27.76187162,continuation_short
2023-10-26,2023-10-25 12:45:00+05:30,BUY,CE,19400.0,1,7.6,-380.0,23.77116492,continuation_hedge
2023-10-26,2023-10-25 12:57:00+05:30,SELL,CE,19200.0,1,30.25,1512.5,25.748406425,ratio_reset
2023-10-26,2023-10-25 12:57:00+05:30,BUY,CE,19250.0,2,19.8,-1980.0,24.49185932,ratio_reset
2023-10-26,2023-10-25 12:57:00+05:30,SELL,CE,19400.0,1,6.2,310.0,24.040334539999996,ratio_reset
2023-10-26,2023-10-25 12:57:00+05:30,BUY,CE,19150.0,1,45.4,-2270.0,24.622485179999998,continuation_long
2023-10-26,2023-10-25 12:57:00+05:30,SELL,CE,19200.0,2,30.25,3025.0,27.89681285,continuation_short
2023-10-26,2023-10-25 12:57:00+05:30,BUY,CE,19400.0,1,6.3,-315.0,23.74188671,continuation_hedge
2023-10-26,2023-10-25 15:20:00+05:30,SELL,CE,19150.0,1,38.900000000000006,1945.0000000000002,26.36274413,scheduled_exit
2023-10-26,2023-10-25 15:20:00+05:30,BUY,CE,19200.0,2,22.6,-2260.0,24.617980839999998,scheduled_exit
2023-10-26,2023-10-25 15:20:00+05:30,SELL,CE,19400.0,1,3.95,197.5,23.880535715,scheduled_exit
2023-11-30,2023-11-20 09:21:00+05:30,SELL,CE,19950.0,1,68.85000000000001,3442.5000000000005,28.489844044999998,IC_short_call
2023-11-30,2023-11-20 09:21:00+05:30,SELL,PE,19600.0,1,64.65,3232.5000000000005,28.191552905,IC_short_put
2023-11-30,2023-11-20 09:21:00+05:30,BUY,CE,20200.0,1,17.35,-867.5000000000001,23.990751494999998,IC_long_call
2023-11-30,2023-11-20 09:21:00+05:30,BUY,PE,19300.0,1,20.400000000000002,-1020.0000000000001,24.05944268,IC_long_put
2023-11-30,2023-11-28 09:16:00+05:30,BUY,CE,19950.0,1,31.150000000000002,-1557.5,24.301550955,IC_to_ratio
2023-11-30,2023-11-28 09:16:00+05:30,BUY,PE,19600.0,1,9.450000000000001,-472.50000000000006,23.812830065,IC_to_ratio
2023-11-30,2023-11-28 09:16:00+05:30,SELL,CE,20200.0,1,2.3000000000000003,115.00000000000001,23.76334991,IC_to_ratio
2023-11-30,2023-11-28 09:16:00+05:30,SELL,PE,19300.0,1,2.3000000000000003,115.00000000000001,23.76334991,IC_to_ratio
2023-11-30,2023-11-28 09:16:00+05:30,BUY,PE,19850.0,1,64.85,-3242.4999999999995,25.060532244999997,initial_long
2023-11-30,2023-11-28 09:16:00+05:30,SELL,PE,19800.0,2,46.0,4600.0,30.1339964,initial_short
2023-11-30,2023-11-28 09:16:00+05:30,BUY,PE,19600.0,1,9.450000000000001,-472.50000000000006,23.812830065,initial_hedge
2023-11-30,2023-11-28 15:23:00+05:30,SELL,PE,19850.0,1,27.55,1377.5,25.556647835,ratio_reset
2023-11-30,2023-11-28 15:23:00+05:30,BUY,PE,19800.0,2,18.25,-1825.0,24.422042049999998,ratio_reset
2023-11-30,2023-11-28 15:23:00+05:30,SELL,PE,19600.0,1,4.0,200.0,23.8840868,ratio_reset
2023-11-30,2023-11-28 15:23:00+05:30,BUY,PE,19900.0,1,41.75,-2087.5,24.540280975,continuation_long
2023-11-30,2023-11-28 15:23:00+05:30,SELL,PE,19850.0,2,27.55,2755.0,27.51329567,continuation_short
2023-11-30,2023-11-28 15:23:00+05:30,BUY,PE,19700.0,1,7.8999999999999995,-395.0,23.77792143,continuation_hedge
2023-11-30,2023-11-29 09:16:00+05:30,SELL,PE,19900.0,1,21.349999999999998,1067.5,25.116313295,ratio_reset
2023-11-30,2023-11-29 09:16:00+05:30,BUY,PE,19850.0,2,13.3,-1330.0,24.19907722,ratio_reset
2023-11-30,2023-11-29 09:16:00+05:30,SELL,PE,19700.0,1,3.6500000000000004,182.50000000000003,23.859229205000005,ratio_reset
2023-11-30,2023-11-29 09:16:00+05:30,BUY,PE,19950.0,1,34.8,-1739.9999999999998,24.38375516,continuation_long
2023-11-30,2023-11-29 09:16:00+05:30,SELL,PE,19900.0,2,21.349999999999998,2135.0,26.63262659,continuation_short
2023-11-30,2023-11-29 09:16:00+05:30,BUY,PE,19750.0,1,5.45,-272.5,23.722743265000002,continuation_hedge
2023-11-30,2023-11-29 09:39:00+05:30,SELL,PE,19950.0,1,25.849999999999998,1292.5,25.435910945000003,ratio_reset
2023-11-30,2023-11-29 09:39:00+05:30,BUY,PE,19900.0,2,16.3,-1630.0,24.33420742,ratio_reset
2023-11-30,2023-11-29 09:39:00+05:30,SELL,PE,19750.0,1,4.8,240.0,23.94090416,ratio_reset
2023-11-30,2023-11-29 09:39:00+05:30,BUY,PE,20000.0,1,40.949999999999996,-2047.4999999999998,24.522263615,continuation_long
2023-11-30,2023-11-29 09:39:00+05:30,SELL,PE,19950.0,2,25.849999999999998,2585.0,27.27182189,continuation_short
2023-11-30,2023-11-29 09:39:00+05:30,BUY,PE,19800.0,1,7.0,-350.0,23.757651900000003,continuation_hedge
2023-11-30,2023-11-29 11:36:00+05:30,SELL,PE,20000.0,1,25.2,1260.0,25.38974684,ratio_reset
2023-11-30,2023-11-29 11:36:00+05:30,BUY,PE,19950.0,2,15.5,-1550.0,24.298172700000002,ratio_reset
2023-11-30,2023-11-29 11:36:00+05:30,SELL,PE,19800.0,1,4.6000000000000005,230.00000000000003,23.926699819999996,ratio_reset
2023-11-30,2023-11-29 11:36:00+05:30,BUY,PE,20050.0,1,40.65,-2032.5,24.515507104999998,continuation_long
2023-11-30,2023-11-29 11:36:00+05:30,SELL,PE,20000.0,2,25.2,2520.0,27.17949368,continuation_short
2023-11-30,2023-11-29 11:36:00+05:30,BUY,PE,19850.0,1,6.45,-322.5,23.745264965,continuation_hedge
2023-11-30,2023-11-29 14:34:00+05:30,SELL,PE,20050.0,1,23.75,1187.5,25.286765375,ratio_reset
2023-11-30,2023-11-29 14:34:00+05:30,BUY,PE,20000.0,2,14.65,-1465.0,24.25988581,ratio_reset
2023-11-30,2023-11-29 14:34:00+05:30,SELL,PE,19850.0,1,4.6000000000000005,230.00000000000003,23.926699819999996,ratio_reset
2023-11-30,2023-11-29 14:34:00+05:30,BUY,PE,20100.0,1,39.65,-1982.5,24.492985405,continuation_long
2023-11-30,2023-11-29 14:34:00+05:30,SELL,PE,20050.0,2,23.75,2375.0,26.973530750000002,continuation_short
2023-11-30,2023-11-29 14:34:00+05:30,BUY,PE,19900.0,1,6.25,-312.5,23.740760624999997,continuation_hedge
2023-11-30,2023-11-29 15:20:00+05:30,SELL,PE,20100.0,1,30.9,1545.0,25.79457053,scheduled_exit
2023-11-30,2023-11-29 15:20:00+05:30,BUY,PE,20050.0,2,19.6,-1960.0000000000002,24.482850640000002,scheduled_exit
2023-11-30,2023-11-29 15:20:00+05:30,SELL,PE,19900.0,1,5.95,297.5,24.022579115,scheduled_exit
2024-04-25,2024-04-15 09:21:00+05:30,SELL,CE,22700.0,1,81.8,4090.0,29.40957506,IC_short_call
2024-04-25,2024-04-15 09:21:00+05:30,SELL,PE,22150.0,1,100.4,5020.0,30.730578679999997,IC_short_put
2024-04-25,2024-04-15 09:21:00+05:30,BUY,CE,23000.0,1,22.55,-1127.5,24.107864335,IC_long_call
2024-04-25,2024-04-15 09:21:00+05:30,BUY,PE,21650.0,1,28.0,-1400.0,24.230607600000003,IC_long_put
2024-04-25,2024-04-16 13:04:00+05:30,BUY,CE,22700.0,1,19.35,-967.5000000000001,24.035794895000002,IC_to_ratio
2024-04-25,2024-04-16 13:04:00+05:30,BUY,PE,22150.0,1,172.05,-8602.5,27.474858485000002,IC_to_ratio
2024-04-25,2024-04-16 13:04:00+05:30,SELL,CE,23000.0,1,7.75,387.5,24.150418174999995,IC_to_ratio
2024-04-25,2024-04-16 13:04:00+05:30,SELL,PE,21650.0,1,39.300000000000004,1965.0000000000002,26.391152809999998,IC_to_ratio
2024-04-25,2024-04-16 13:04:00+05:30,BUY,CE,22150.0,1,178.35000000000002,-8917.500000000002,27.616745195,initial_long
2024-04-25,2024-04-16 13:04:00+05:30,SELL,CE,22250.0,2,127.55,12755.0,41.71763567,initial_short
2024-04-25,2024-04-16 13:04:00+05:30,BUY,CE,22700.0,1,19.35,-967.5000000000001,24.035794895000002,initial_hedge
2024-04-25,2024-04-19 09:16:00+05:30,SELL,CE,22150.0,1,51.650000000000006,2582.5000000000005,27.268270804999997,ratio_reset
2024-04-25,2024-04-19 09:16:00+05:30,BUY,CE,22250.0,2,31.8,-3180.0,25.032380120000003,ratio_reset
2024-04-25,2024-04-19 09:16:00+05:30,SELL,CE,22700.0,1,4.45,222.5,23.916046565,ratio_reset
2024-04-25,2024-04-19 09:16:00+05:30,BUY,CE,21950.0,1,122.45,-6122.5,26.357782165,continuation_long
2024-04-25,2024-04-19 09:16:00+05:30,SELL,CE,22050.0,2,81.2,8120.0,35.13392408,continuation_short
2024-04-25,2024-04-19 09:16:00+05:30,BUY,CE,22400.0,1,15.15,-757.5,23.941203755,continuation_hedge
2024-04-25,2024-04-24 15:20:00+05:30,SELL,CE,21950.0,1,481.95,24097.5,57.828908315,scheduled_exit
2024-04-25,2024-04-24 15:20:00+05:30,BUY,CE,22050.0,2,379.65000000000003,-37965.0,40.700726810000006,scheduled_exit
2024-04-25,2024-04-24 15:20:00+05:30,SELL,CE,22400.0,1,71.60000000000001,3580.0000000000005,28.685153720000002,scheduled_exit
2024-05-30,2024-05-21 09:21:00+05:30,SELL,CE,22800.0,1,93.7,2342.5,26.927366645000003,IC_short_call
2024-05-30,2024-05-21 09:21:00+05:30,SELL,PE,22250.0,1,99.65,2491.25,27.138656202499998,IC_short_put
2024-05-30,2024-05-21 09:21:00+05:30,BUY,CE,23150.0,1,22.75,-568.75,23.8561843375,IC_long_call
2024-05-30,2024-05-21 09:21:00+05:30,BUY,PE,21750.0,1,29.55,-738.75,23.932758117499997,IC_long_put
2024-05-30,2024-05-23 14:02:00+05:30,BUY,CE,22800.0,1,230.05,-5751.25,26.1905585425,IC_to_ratio
2024-05-30,2024-05-23 14:02:00+05:30,BUY,PE,22250.0,1,24.55,-613.75,23.876453867499997,IC_to_ratio
2024-05-30,2024-05-23 14:02:00+05:30,SELL,CE,23150.0,1,67.60000000000001,1690.0000000000002,26.00053346,IC_to_ratio
2024-05-30,2024-05-23 14:02:00+05:30,SELL,PE,21750.0,1,7.8,195.0,23.876984630000003,IC_to_ratio
2024-05-30,2024-05-23 14:02:00+05:30,BUY,PE,22900.0,1,163.75,-4093.75,25.443964187499997,initial_long
2024-05-30,2024-05-23 14:02:00+05:30,SELL,PE,22800.0,2,124.05,6202.5,32.410241885000005,initial_short
2024-05-30,2024-05-23 14:02:00+05:30,BUY,PE,22250.0,1,24.55,-613.75,23.876453867499997,initial_hedge
2024-05-30,2024-05-27 11:54:00+05:30,SELL,PE,22900.0,1,59.0,1475.0,25.69514015,ratio_reset
2024-05-30,2024-05-27 11:54:00+05:30,BUY,PE,22800.0,2,39.55,-1977.4999999999998,24.490733235,ratio_reset
2024-05-30,2024-05-27 11:54:00+05:30,SELL,PE,22250.0,1,6.1000000000000005,152.5,23.816616185,ratio_reset
2024-05-30,2024-05-27 11:54:00+05:30,BUY,PE,23000.0,1,87.35,-2183.75,24.5836352475,continuation_long
2024-05-30,2024-05-27 11:54:00+05:30,SELL,PE,22950.0,2,72.2,3610.0,28.72776674,continuation_short
2024-05-30,2024-05-27 11:54:00+05:30,BUY,PE,22550.0,1,14.9,-372.5,23.767786665000003,continuation_hedge
2024-05-30,2024-05-29 15:20:00+05:30,SELL,PE,23000.0,1,274.34999999999997,6858.749999999999,33.342401697499994,scheduled_exit
2024-05-30,2024-05-29 15:20:00+05:30,BUY,PE,22950.0,2,229.4,-11470.0,28.766477979999998,scheduled_exit
2024-05-30,2024-05-29 15:20:00+05:30,SELL,PE,22550.0,1,26.599999999999998,665.0,24.54458861,scheduled_exit
2024-10-31,2024-10-21 09:21:00+05:30,SELL,CE,25250.0,1,84.75,2118.75,26.6095445375,IC_short_call
2024-10-31,2024-10-21 09:21:00+05:30,SELL,PE,24700.0,1,100.0,2500.0,27.151085000000002,IC_short_put
2024-10-31,2024-10-21 09:21:00+05:30,BUY,CE,25600.0,1,22.45,-561.25,23.8528060825,IC_long_call
2024-10-31,2024-10-21 09:21:00+05:30,BUY,PE,24200.0,1,29.05,-726.25,23.927127692499997,IC_long_put
2024-10-31,2024-10-22 14:56:00+05:30,BUY,CE,25250.0,1,23.85,-596.25,23.868571272500002,IC_to_ratio
2024-10-31,2024-10-22 14:56:00+05:30,BUY,PE,24700.0,1,268.05,-6701.25,26.6184708425,IC_to_ratio
2024-10-31,2024-10-22 14:56:00+05:30,SELL,CE,25600.0,1,9.0,225.0,23.919597650000004,IC_to_ratio
2024-10-31,2024-10-22 14:56:00+05:30,SELL,PE,24200.0,1,82.4,2060.0,26.52609404,IC_to_ratio
2024-10-31,2024-10-22 14:56:00+05:30,BUY,CE,24600.0,1,191.75,-4793.75,25.7592679875,initial_long
2024-10-31,2024-10-22 14:56:00+05:30,SELL,CE,24700.0,2,143.04999999999998,7152.499999999999,33.759654185,initial_short
2024-10-31,2024-10-22 14:56:00+05:30,BUY,CE,25250.0,1,23.85,-596.25,23.868571272500002,initial_hedge
2024-10-31,2024-10-25 09:38:00+05:30,SELL,CE,24600.0,1,65.9,1647.5000000000002,25.940165015,ratio_reset
2024-10-31,2024-10-25 09:38:00+05:30,BUY,CE,24700.0,2,41.599999999999994,-2079.9999999999995,24.53690272,ratio_reset
2024-10-31,2024-10-25 09:38:00+05:30,SELL,CE,25250.0,1,4.4,110.00000000000001,23.75624774,ratio_reset
2024-10-31,2024-10-25 09:38:00+05:30,BUY,CE,24500.0,1,100.25,-2506.25,24.728900212499997,continuation_long
2024-10-31,2024-10-25 09:38:00+05:30,SELL,CE,24600.0,2,65.9,3295.0000000000005,28.280330030000005,continuation_short
2024-10-31,2024-10-25 09:38:00+05:30,BUY,CE,24950.0,1,12.8,-320.0,23.744138879999998,continuation_hedge
2024-10-31,2024-10-25 09:59:00+05:30,SELL,CE,24500.0,1,66.8,1670.0,25.972124779999998,ratio_reset
2024-10-31,2024-10-25 09:59:00+05:30,BUY,CE,24600.0,2,43.449999999999996,-2172.5,24.578567865,ratio_reset
2024-10-31,2024-10-25 09:59:00+05:30,SELL,CE,24950.0,1,9.799999999999999,244.99999999999997,23.948006330000002,ratio_reset
2024-10-31,2024-10-25 09:59:00+05:30,BUY,CE,24350.0,1,122.8,-3070.0,24.982832379999998,continuation_long
2024-10-31,2024-10-25 09:59:00+05:30,SELL,CE,24450.0,2,82.25,4112.5,29.441534825,continuation_short
2024-10-31,2024-10-25 09:59:00+05:30,BUY,CE,24850.0,1,14.55,-363.75,23.7638453675,continuation_hedge
2024-10-31,2024-10-25 13:26:00+05:30,SELL,CE,24350.0,1,66.05,1651.25,25.9454916425,ratio_reset
2024-10-31,2024-10-25 13:26:00+05:30,BUY,CE,24450.0,2,42.849999999999994,-2142.4999999999995,24.565054845,ratio_reset
2024-10-31,2024-10-25 13:26:00+05:30,SELL,CE,24850.0,1,8.899999999999999,222.49999999999997,23.916046565,ratio_reset
2024-10-31,2024-10-25 13:26:00+05:30,BUY,CE,24200.0,1,120.45,-3011.25,24.9563693825,continuation_long
2024-10-31,2024-10-25 13:26:00+05:30,SELL,CE,24300.0,2,81.05,4052.5,29.356308785,continuation_short
2024-10-31,2024-10-25 13:26:00+05:30,BUY,CE,24700.0,1,15.05,-376.25,23.769475792500003,continuation_hedge
2024-10-31,2024-10-30 15:20:00+05:30,SELL,CE,24200.0,1,198.79999999999998,4970.0,30.65955698,scheduled_exit
2024-10-31,2024-10-30 15:20:00+05:30,BUY,CE,24300.0,2,122.55,-6127.5,26.360034335,scheduled_exit
2024-10-31,2024-10-30 15:20:00+05:30,SELL,CE,24700.0,1,3.4000000000000004,85.00000000000001,23.720736889999998,scheduled_exit
2025-01-30,2025-01-20 09:21:00+05:30,SELL,CE,23600.0,1,110.55,8291.25,35.3771734025,IC_short_call
2025-01-30,2025-01-20 09:21:00+05:30,SELL,PE,22900.0,1,124.8,9360.0,36.89526224,IC_short_put
2025-01-30,2025-01-20 09:21:00+05:30,BUY,CE,24050.0,1,29.25,-2193.75,24.5881395875,IC_long_call
2025-01-30,2025-01-20 09:21:00+05:30,BUY,PE,22350.0,1,34.8,-2610.0,24.77563274,IC_long_put
2025-01-30,2025-01-27 09:16:00+05:30,BUY,CE,23600.0,1,15.05,-1128.75,24.1084273775,IC_to_ratio
2025-01-30,2025-01-27 09:16:00+05:30,BUY,PE,22900.0,1,144.5,-10837.5,28.481578475,IC_to_ratio
2025-01-30,2025-01-27 09:16:00+05:30,SELL,CE,24050.0,1,3.2,240.0,23.94090416,IC_to_ratio
2025-01-30,2025-01-27 09:16:00+05:30,SELL,PE,22350.0,1,20.7,1552.5,25.805223784999995,IC_to_ratio
2025-01-30,2025-01-27 09:16:00+05:30,BUY,CE,23000.0,1,156.8,-11760.0,28.897103839999996,initial_long
2025-01-30,2025-01-27 09:16:00+05:30,SELL,CE,23100.0,2,112.8,16920.0,47.633743280000004,initial_short
2025-01-30,2025-01-27 09:16:00+05:30,BUY,CE,23550.0,1,18.55,-1391.25,24.2266663025,initial_hedge
2025-01-30,2025-01-29 15:20:00+05:30,SELL,CE,23000.0,1,236.35,17726.25,48.7789681925,scheduled_exit
2025-01-30,2025-01-29 15:20:00+05:30,BUY,CE,23100.0,2,173.05,-25957.5,35.292140555,scheduled_exit
2025-01-30,2025-01-29 15:20:00+05:30,SELL,CE,23550.0,1,16.25,1218.75,25.3311539375,scheduled_exit
2025-07-31,2025-07-21 09:21:00+05:30,SELL,CE,25200.0,1,86.95,6521.25,32.8630052225,IC_short_call
2025-07-31,2025-07-21 09:21:00+05:30,SELL,PE,24750.0,1,90.7,6802.5,33.262502285,IC_short_put
2025-07-31,2025-07-21 09:21:00+05:30,BUY,CE,25600.0,1,22.25,-1668.75,24.3516617375,IC_long_call
2025-07-31,2025-07-21 09:21:00+05:30,BUY,PE,24300.0,1,23.75,-1781.25,24.402335562500003,IC_long_put
2025-07-31,2025-07-23 15:04:00+05:30,BUY,CE,25200.0,1,161.15,-12086.25,29.0440579325,IC_to_ratio
2025-07-31,2025-07-23 15:04:00+05:30,BUY,PE,24750.0,1,19.05,-1428.75,24.2435575775,IC_to_ratio
2025-07-31,2025-07-23 15:04:00+05:30,SELL,CE,25600.0,1,28.0,2100.0,26.5829114,IC_to_ratio
2025-07-31,2025-07-23 15:04:00+05:30,SELL,PE,24300.0,1,6.3500000000000005,476.25000000000006,24.2764816925,IC_to_ratio
2025-07-31,2025-07-23 15:04:00+05:30,BUY,PE,25250.0,1,127.39999999999999,-9555.0,27.90389687,initial_long
2025-07-31,2025-07-23 15:04:00+05:30,SELL,PE,25150.0,2,86.2,12930.0,41.966211619999996,initial_short
2025-07-31,2025-07-23 15:04:00+05:30,BUY,PE,24750.0,1,19.05,-1428.75,24.2435575775,initial_hedge
2025-07-31,2025-07-30 15:20:00+05:30,SELL,PE,25250.0,1,382.5,28687.5,64.34870037499999,scheduled_exit
2025-07-31,2025-07-30 15:20:00+05:30,BUY,PE,25150.0,2,285.6,-42840.0,42.89659256,scheduled_exit
2025-07-31,2025-07-30 15:20:00+05:30,SELL,PE,24750.0,1,22.5,1687.5,25.996982374999998,scheduled_exit
2025-08-28,2025-08-18 09:21:00+05:30,SELL,CE,25250.0,1,93.35000000000001,7001.250000000001,33.5448135425,IC_short_call
2025-08-28,2025-08-18 09:21:00+05:30,SELL,PE,24750.0,1,92.95,6971.25,33.5022005225,IC_short_put
2025-08-28,2025-08-18 09:21:00+05:30,BUY,CE,25650.0,1,23.1,-1732.5,24.380376904999995,IC_long_call
2025-08-28,2025-08-18 09:21:00+05:30,BUY,PE,24300.0,1,28.1,-2107.5,24.549289655000003,IC_long_put
2025-08-28,2025-08-25 10:10:00+05:30,BUY,CE,25250.0,1,11.65,-873.75,23.993566707499998,IC_to_ratio
2025-08-28,2025-08-25 10:10:00+05:30,BUY,PE,24750.0,1,29.8,-2235.0,24.60671999,IC_to_ratio
2025-08-28,2025-08-25 10:10:00+05:30,SELL,CE,25650.0,1,2.45,183.75,23.8610047475,IC_to_ratio
2025-08-28,2025-08-25 10:10:00+05:30,SELL,PE,24300.0,1,3.3000000000000003,247.50000000000003,23.951557415,IC_to_ratio
2025-08-28,2025-08-25 10:10:00+05:30,BUY,CE,24950.0,1,79.39999999999999,-5954.999999999999,26.282334470000002,initial_long
2025-08-28,2025-08-25 10:10:00+05:30,SELL,CE,25000.0,2,59.150000000000006,8872.5,36.202800665,initial_short
2025-08-28,2025-08-25 10:10:00+05:30,BUY,CE,25250.0,1,11.65,-873.75,23.993566707499998,initial_hedge
2025-08-28,2025-08-26 09:23:00+05:30,SELL,CE,24950.0,1,31.099999999999998,2332.5,26.913162305,ratio_reset
2025-08-28,2025-08-26 09:23:00+05:30,BUY,CE,25000.0,2,22.35,-3352.5,25.110079984999995,ratio_reset
2025-08-28,2025-08-26 09:23:00+05:30,SELL,CE,25250.0,1,4.9,367.5,24.122009494999997,ratio_reset
2025-08-28,2025-08-26 09:23:00+05:30,BUY,CE,24850.0,1,61.349999999999994,-4601.25,25.672559442500003,continuation_long
2025-08-28,2025-08-26 09:23:00+05:30,SELL,CE,24900.0,2,43.800000000000004,6570.000000000001,32.93225138,continuation_short
2025-08-28,2025-08-26 09:23:00+05:30,BUY,CE,25150.0,1,8.65,-648.75,23.8922190575,continuation_hedge
2025-08-28,2025-08-26 15:05:00+05:30,SELL,CE,24850.0,1,29.599999999999998,2220.0,26.753363479999997,ratio_reset
2025-08-28,2025-08-26 15:05:00+05:30,BUY,CE,24900.0,2,22.3,-3345.0,25.106701729999997,ratio_reset
2025-08-28,2025-08-26 15:05:00+05:30,SELL,CE,25150.0,1,6.2,465.0,24.26050181,ratio_reset
2025-08-28,2025-08-26 15:05:00+05:30,BUY,CE,24750.0,1,58.0,-4350.0,25.5593879,continuation_long
2025-08-28,2025-08-26 15:05:00+05:30,SELL,CE,24850.0,2,29.599999999999998,4440.0,29.90672696,continuation_short
2025-08-28,2025-08-26 15:05:00+05:30,BUY,CE,25100.0,1,8.0,-600.0,23.8702604,continuation_hedge
2025-08-28,2025-08-26 15:20:00+05:30,SELL,CE,24750.0,1,59.75,4481.25,29.9653198625,scheduled_exit
2025-08-28,2025-08-26 15:20:00+05:30,BUY,CE,24850.0,2,31.25,-4687.5,25.711409375,scheduled_exit
2025-08-28,2025-08-26 15:20:00+05:30,SELL,CE,25100.0,1,6.8500000000000005,513.75,24.3297479675,scheduled_exit
2025-10-28,2025-10-20 09:21:00+05:30,SELL,CE,26150.0,1,69.05,5178.75,30.9560725775,IC_short_call
2025-10-28,2025-10-20 09:21:00+05:30,SELL,PE,25750.0,1,75.0,5625.0,31.589941249999995,IC_short_put
2025-10-28,2025-10-20 09:21:00+05:30,BUY,CE,26450.0,1,16.85,-1263.75,24.1692359675,IC_long_call
2025-10-28,2025-10-20 09:21:00+05:30,BUY,PE,25350.0,1,23.75,-1781.25,24.402335562500003,IC_long_put
2025-10-28,2025-10-24 13:40:00+05:30,BUY,CE,26150.0,1,13.3,-997.5,24.049307915,IC_to_ratio
2025-10-28,2025-10-24 13:40:00+05:30,BUY,PE,25750.0,1,97.95,-7346.25,26.9090007725,IC_to_ratio
2025-10-28,2025-10-24 13:40:00+05:30,SELL,CE,26450.0,1,5.1000000000000005,382.50000000000006,24.143316005000003,IC_to_ratio
2025-10-28,2025-10-24 13:40:00+05:30,SELL,PE,25350.0,1,12.25,918.75,24.905023737500002,IC_to_ratio
2025-10-28,2025-10-24 13:40:00+05:30,BUY,CE,25750.0,1,105.05,-7878.75,27.148856877500002,initial_long
2025-10-28,2025-10-24 13:40:00+05:30,SELL,CE,25850.0,2,61.25,9187.5,36.650237374999996,initial_short
2025-10-28,2025-10-24 13:40:00+05:30,BUY,CE,26150.0,1,13.3,-997.5,24.049307915,initial_hedge
2025-10-28,2025-10-27 15:20:00+05:30,SELL,CE,25750.0,1,273.25,20493.75,52.71001928750001,scheduled_exit
2025-10-28,2025-10-27 15:20:00+05:30,BUY,CE,25850.0,2,185.20000000000002,-27780.000000000004,36.11305652000001,scheduled_exit
2025-10-28,2025-10-27 15:20:00+05:30,SELL,CE,26150.0,1,22.9,1717.5,26.039595395000003,scheduled_exit
2025-11-25,2025-11-17 09:21:00+05:30,SELL,CE,26250.0,1,91.3,6847.5,33.326421815,IC_short_call
2025-11-25,2025-11-17 09:21:00+05:30,SELL,PE,25800.0,1,96.3,7222.5,33.859084565,IC_short_put
2025-11-25,2025-11-17 09:21:00+05:30,BUY,CE,26600.0,1,23.55,-1766.25,24.395579052499997,IC_long_call
2025-11-25,2025-11-17 09:21:00+05:30,BUY,PE,25350.0,1,25.6,-1920.0,24.464833279999997,IC_long_put
2025-11-25,2025-11-20 15:29:00+05:30,BUY,CE,26250.0,1,109.0,-8175.0,27.282297950000004,IC_to_ratio
2025-11-25,2025-11-20 15:29:00+05:30,BUY,PE,25800.0,1,16.1,-1207.5,24.143899055000002,IC_to_ratio
2025-11-25,2025-11-20 15:29:00+05:30,SELL,CE,26600.0,1,15.25,1143.75,25.2246213875,IC_to_ratio
2025-11-25,2025-11-20 15:29:00+05:30,SELL,PE,25350.0,1,5.3500000000000005,401.25000000000006,24.169949142500002,IC_to_ratio
2025-11-25,2025-11-20 15:29:00+05:30,BUY,PE,26250.0,1,125.05,-9378.75,27.8245078775,initial_long
2025-11-25,2025-11-20 15:29:00+05:30,SELL,PE,26150.0,2,82.15,12322.5,41.103297964999996,initial_short
2025-11-25,2025-11-20 15:29:00+05:30,BUY,PE,25800.0,1,16.1,-1207.5,24.143899055000002,initial_hedge
2025-11-25,2025-11-24 15:20:00+05:30,SELL,PE,26250.0,1,266.25,19968.75,51.9642914375,scheduled_exit
2025-11-25,2025-11-24 15:20:00+05:30,BUY,PE,26150.0,2,179.05,-26857.5,35.697531155,scheduled_exit
2025-11-25,2025-11-24 15:20:00+05:30,SELL,PE,25800.0,1,15.25,1143.75,25.2246213875,scheduled_exit
2026-01-27,2026-01-19 09:21:00+05:30,SELL,CE,25850.0,1,76.4,4966.0,30.653875243999998,IC_short_call
2026-01-27,2026-01-19 09:21:00+05:30,SELL,PE,25400.0,1,82.0,5330.0,31.17091322,IC_short_put
2026-01-27,2026-01-19 09:21:00+05:30,BUY,CE,26200.0,1,21.400000000000002,-1391.0000000000002,24.226553694000003,IC_long_call
2026-01-27,2026-01-19 09:21:00+05:30,BUY,PE,25000.0,1,21.55,-1400.75,24.230945425499996,IC_long_put
2026-01-27,2026-01-20 15:02:00+05:30,BUY,CE,25850.0,1,19.5,-1267.5,24.170925095,IC_to_ratio
2026-01-27,2026-01-20 15:02:00+05:30,BUY,PE,25400.0,1,203.4,-13221.0,29.555187914,IC_to_ratio
2026-01-27,2026-01-20 15:02:00+05:30,SELL,CE,26200.0,1,7.45,484.25,24.2878451645,IC_to_ratio
2026-01-27,2026-01-20 15:02:00+05:30,SELL,PE,25000.0,1,53.75,3493.75,28.5626412875,IC_to_ratio
2026-01-27,2026-01-20 15:02:00+05:30,BUY,CE,25300.0,1,159.60000000000002,-10374.000000000002,28.272802316,initial_long
2026-01-27,2026-01-20 15:02:00+05:30,SELL,CE,25400.0,2,112.05,14566.5,44.290751861000004,initial_short
2026-01-27,2026-01-20 15:02:00+05:30,BUY,CE,25850.0,1,19.5,-1267.5,24.170925095,initial_hedge
2026-01-27,2026-01-21 10:54:00+05:30,SELL,CE,25300.0,1,65.8,4277.0,29.675196217999996,ratio_reset
2026-01-27,2026-01-21 10:54:00+05:30,BUY,CE,25400.0,2,45.05,-5856.5,26.237966721,ratio_reset
2026-01-27,2026-01-21 10:54:00+05:30,SELL,CE,25850.0,1,10.549999999999999,685.7499999999999,24.574062615499997,ratio_reset
2026-01-27,2026-01-21 10:54:00+05:30,BUY,CE,25150.0,1,115.95,-7536.75,26.9948084495,continuation_long
2026-01-27,2026-01-21 10:54:00+05:30,SELL,CE,25250.0,2,80.10000000000001,10413.000000000002,38.390979242,continuation_short
2026-01-27,2026-01-21 10:54:00+05:30,BUY,CE,25700.0,1,16.05,-1043.25,24.069915270499997,continuation_hedge
2026-01-27,2026-01-23 15:20:00+05:30,SELL,CE,25150.0,1,77.45,5034.25,30.750819864500002,scheduled_exit
2026-01-27,2026-01-23 15:20:00+05:30,BUY,CE,25250.0,2,46.5,-6045.0,26.32287353,scheduled_exit
2026-01-27,2026-01-23 15:20:00+05:30,SELL,CE,25700.0,1,6.55,425.75,24.204749775500005,scheduled_exit
2026-02-24,2026-02-16 09:21:00+05:30,SELL,CE,25750.0,1,87.95,5716.75,31.7202660695,IC_short_call
2026-02-24,2026-02-16 09:21:00+05:30,SELL,PE,25250.0,1,97.75,6353.75,32.6250825275,IC_short_put
2026-02-24,2026-02-16 09:21:00+05:30,BUY,CE,26150.0,1,24.85,-1615.25,24.327563518500003,IC_long_call
2026-02-24,2026-02-16 09:21:00+05:30,BUY,PE,24750.0,1,30.95,-2011.75,24.5061605995,IC_long_put
2026-02-24,2026-02-18 14:21:00+05:30,BUY,CE,25750.0,1,166.65,-10832.25,28.479213696500004,IC_to_ratio
2026-02-24,2026-02-18 14:21:00+05:30,BUY,PE,25250.0,1,21.05,-1368.25,24.2163063205,IC_to_ratio
2026-02-24,2026-02-18 14:21:00+05:30,SELL,CE,26150.0,1,25.8,1677.0,25.982067818000004,IC_to_ratio
2026-02-24,2026-02-18 14:21:00+05:30,SELL,PE,24750.0,1,10.549999999999999,685.7499999999999,24.574062615499997,IC_to_ratio
2026-02-24,2026-02-18 14:21:00+05:30,BUY,PE,25800.0,1,125.2,-8138.0,27.265631892000002,initial_long
2026-02-24,2026-02-18 14:21:00+05:30,SELL,PE,25750.0,2,104.10000000000001,13533.000000000002,42.822733322,initial_short
2026-02-24,2026-02-18 14:21:00+05:30,BUY,PE,25250.0,1,21.05,-1368.25,24.2163063205,initial_hedge
2026-02-24,2026-02-23 15:20:00+05:30,SELL,PE,25800.0,1,140.64999999999998,9142.249999999998,36.585962736499994,scheduled_exit
2026-02-24,2026-02-23 15:20:00+05:30,BUY,PE,25750.0,2,109.25,-14202.5,29.997288885000003,scheduled_exit
2026-02-24,2026-02-23 15:20:00+05:30,SELL,PE,25250.0,1,14.049999999999999,913.2499999999999,24.8972113505,scheduled_exit
