expiry,entry_date,gross_pnl,costs,net_pnl,orders,transitions
2021-07-29,2021-07-19,1890.0000000000005,664.77751882,1225.2224811800006,26,3
2021-08-26,2021-08-16,3755.0000000000005,355.12059932,3399.8794006800003,14,1
2021-10-28,2021-10-18,2540.0000000000005,385.99464691000003,2154.0053530900004,14,1
2021-11-25,2021-11-15,3480.0000000000005,1324.06553197,2155.9344680300005,50,7
2021-12-30,2021-12-20,3040.0000000000014,686.03174607,2353.968253930001,26,3
2022-11-24,2022-11-14,4282.500000000001,515.996148625,3766.503851375001,20,2
2022-12-29,2022-12-19,2165.0,535.80361489,1629.19638511,20,2
2023-01-25,2023-01-16,5202.500000000001,361.470319595,4841.029680405001,14,1
2023-02-23,2023-02-13,-12214.999999999996,437.20019917,-12652.200199169996,14,1
2023-03-29,2023-03-20,-2610.000000000002,389.89526547,-2999.895265470002,14,1
2023-04-27,2023-04-17,-205.0000000000001,370.77680418,-575.7768041800001,14,1
2023-05-25,2023-05-15,1114.9999999999998,366.60887342,748.3911265799998,14,1
2023-06-28,2023-06-19,1567.5000000000011,361.821425435,1205.678574565001,14,1
2023-07-27,2023-07-17,-2057.499999999999,380.970250335,-2438.470250334999,14,1
2023-08-31,2023-08-21,-4200.000000000005,380.3263587,-4580.326358700005,14,1
2023-09-28,2023-09-18,560.0000000000016,1288.05230548,-728.0523054799985,50,7
2023-10-26,2023-10-16,3830.0000000000023,1416.7670915,2413.232908500002,56,8
2023-11-30,2023-11-20,4050.0000000000014,1098.28632328,2951.7136767200013,44,6
2024-04-25,2024-04-15,-7187.500000000001,592.765422135,-7780.265422135001,20,2
2024-05-30,2024-05-21,-2701.2500000000005,521.2653022525,-3222.5153022525005,20,2
2024-10-31,2024-10-21,-27.499999999999346,822.783461925,-850.2834619249993,32,4
2025-01-30,2025-01-20,-570.0,434.132117875,-1004.132117875,14,1
2025-07-31,2025-07-21,-11583.75,446.38245478749997,-12030.1324547875,14,1
2025-08-28,2025-08-18,9303.750000000004,692.9739324775,8610.776067522504,26,3
2025-10-28,2025-10-20,-4541.250000000004,413.83530715750004,-4955.085307157504,14,1
2025-11-25,2025-11-17,-1462.5,422.824835125,-1885.324835125,14,1
2026-01-27,2026-01-19,272.99999999999966,564.814738003,-291.81473800300034,20,2
2026-02-24,2026-02-16,-1514.5000000000002,402.215857672,-1916.7158576720003,14,1
